adservice&cpu_usage,adservice&cpu_limit,adservice&mem_usage,adservice&mem_usage_rate,adservice&mem_limit,adservice&fs_usage,adservice&fs_write,adservice&fs_read,adservice&net_receive,adservice&net_trainsmit,cartservice&cpu_usage,cartservice&cpu_limit,cartservice&mem_usage,cartservice&mem_usage_rate,cartservice&mem_limit,cartservice&fs_usage,cartservice&fs_write,cartservice&fs_read,cartservice&net_receive,cartservice&net_trainsmit,checkoutservice&cpu_usage,checkoutservice&cpu_limit,checkoutservice&mem_usage,checkoutservice&mem_usage_rate,checkoutservice&mem_limit,checkoutservice&fs_usage,checkoutservice&fs_write,checkoutservice&fs_read,checkoutservice&net_receive,checkoutservice&net_trainsmit,currencyservice&cpu_usage,currencyservice&cpu_limit,currencyservice&mem_usage,currencyservice&mem_usage_rate,currencyservice&mem_limit,currencyservice&fs_usage,currencyservice&fs_write,currencyservice&fs_read,currencyservice&net_receive,currencyservice&net_trainsmit,emailservice&cpu_usage,emailservice&cpu_limit,emailservice&mem_usage,emailservice&mem_usage_rate,emailservice&mem_limit,emailservice&fs_usage,emailservice&fs_write,emailservice&fs_read,emailservice&net_receive,emailservice&net_trainsmit,frontend&cpu_usage,frontend&cpu_limit,frontend&mem_usage,frontend&mem_usage_rate,frontend&mem_limit,frontend&fs_usage,frontend&fs_write,frontend&fs_read,frontend&net_receive,frontend&net_trainsmit,paymentservice&cpu_usage,paymentservice&cpu_limit,paymentservice&mem_usage,paymentservice&mem_usage_rate,paymentservice&mem_limit,paymentservice&fs_usage,paymentservice&fs_write,paymentservice&fs_read,paymentservice&net_receive,paymentservice&net_trainsmit,productcatalogservice&cpu_usage,productcatalogservice&cpu_limit,productcatalogservice&mem_usage,productcatalogservice&mem_usage_rate,productcatalogservice&mem_limit,productcatalogservice&fs_usage,productcatalogservice&fs_write,productcatalogservice&fs_read,productcatalogservice&net_receive,productcatalogservice&net_trainsmit,recommendationservice&cpu_usage,recommendationservice&cpu_limit,recommendationservice&mem_usage,recommendationservice&mem_usage_rate,recommendationservice&mem_limit,recommendationservice&fs_usage,recommendationservice&fs_write,recommendationservice&fs_read,recommendationservice&net_receive,recommendationservice&net_trainsmit,redis-cart&cpu_usage,redis-cart&cpu_limit,redis-cart&mem_usage,redis-cart&mem_usage_rate,redis-cart&mem_limit,redis-cart&fs_usage,redis-cart&fs_write,redis-cart&fs_read,redis-cart&net_receive,redis-cart&net_trainsmit,shippingservice&cpu_usage,shippingservice&cpu_limit,shippingservice&mem_usage,shippingservice&mem_usage_rate,shippingservice&mem_limit,shippingservice&fs_usage,shippingservice&fs_write,shippingservice&fs_read,shippingservice&net_receive,shippingservice&net_trainsmit,timestamp
0.062242924799998434,0.5,379.94140625,0.04895833333333334,3948.0,0.00039062500000000013,0.0,0.0,1.9821614583333338,45.67317708333334,0.1811222591999998,0.5,277.609375,0.030729166666666675,3948.0,0.0,0.0,0.0,3.5819986979166676,45.80022786458334,0.06837535359999905,0.5,164.58203125,2.6671875000000007,3948.0,0.0,0.0,0.0,6.316731770833334,174.04524739583337,0.3632274367999723,0.5,265.20703125,8.817838541666669,3948.0,0.0011718750000000002,0.0,0.0,16.141471354166672,76.62783203125001,0.04639111039999952,0.5,175.078125,4.623046875000001,3948.0,0.0,0.0,0.0,0.9999023437500002,15.949772135416671,0.031667516799992274,0.5,224.30078125,7.455729166666666,3948.0,0.00026041666666666666,0.0,0.0,11.955045572916667,350.07737630208334,0.03487806719998428,0.5,184.0078125,0.03281250000000001,3948.0,0.0002604166666666667,0.0,0.0,2.0413085937500006,43.66565755208334,0.05044361196667258,0.5,221.6796875,4.801692708333333,3948.0,0.0,0.0,0.0,4.581282552083334,90.80914713541667,0.225538520533335,0.5,171.21484375,0.01809895833333334,3948.0,0.002604166666666667,0.0,0.0,21.523828125000005,86.49410807291669,0.04770880110000538,0.5,128.3359375,0.0,3948.0,0.0,0.0,0.0,1.5118489583333334,11.882649739583334,0.028004316833324577,0.5,163.3671875,4.739453125,3948.0,0.0,0.0,0.0,1.4848958333333333,51.74449869791667,2026-03-24 14:00:00
0.06224292479999842,0.5,379.94140625,0.04895833333333334,3948.0,0.000390625,0.0,0.0,1.9821614583333333,45.673177083333336,0.18112225919999975,0.5,277.609375,0.03072916666666667,3948.0,0.0,0.0,0.0,3.5819986979166667,45.800227864583334,0.06837535359999904,0.5,164.58203125,2.6671875000000003,3948.0,0.0,0.0,0.0,6.316731770833333,174.04524739583334,0.36322743679997227,0.5,265.20703125,8.817838541666667,3948.0,0.001171875,0.0,0.0,16.141471354166665,76.62783203125,0.04639111039999951,0.5,175.078125,4.623046875,3948.0,0.0,0.0,0.0,0.99990234375,15.949772135416667,0.6825626623333316,0.5,230.1484375,3.177994791666667,3948.0,0.0,0.0,0.0,64.57301432291666,502.81158854166665,0.034878067199984264,0.5,184.0078125,0.0328125,3948.0,0.00026041666666666666,0.0,0.0,2.04130859375,43.66565755208333,0.3280642830000147,0.5,223.08984375,0.04700520833333334,3948.0,0.0,0.0,0.0,32.80953776041667,133.26292317708334,0.22553852053333495,0.5,171.21484375,0.01809895833333333,3948.0,0.0026041666666666665,0.0,0.0,21.523828125,86.49410807291666,0.04425303333332522,0.5,128.3515625,0.0005208333333333333,3948.0,0.0,0.0,0.0,2.03310546875,3.0303059895833333,0.07291150656668038,0.5,162.66015625,3.390755208333334,3948.0,0.00013020833333333336,0.0,0.0,3.6301106770833345,62.78447265625002,2026-03-24 14:00:05
0.06224292479999842,0.5,379.94140625,0.04895833333333334,3948.0,0.000390625,0.0,0.0,1.9821614583333333,45.673177083333336,0.18112225919999975,0.5,277.609375,0.03072916666666667,3948.0,0.0,0.0,0.0,3.5819986979166667,45.800227864583334,0.06837535359999904,0.5,164.58203125,2.6671875000000003,3948.0,0.0,0.0,0.0,6.316731770833333,174.04524739583334,0.36322743679997227,0.5,265.20703125,8.817838541666667,3948.0,0.001171875,0.0,0.0,16.141471354166665,76.62783203125,0.04639111039999951,0.5,175.078125,4.623046875,3948.0,0.0,0.0,0.0,0.99990234375,15.949772135416667,0.6825626623333316,0.5,230.1484375,3.177994791666667,3948.0,0.0,0.0,0.0,64.57301432291666,502.81158854166665,0.034878067199984264,0.5,184.0078125,0.0328125,3948.0,0.00026041666666666666,0.0,0.0,2.04130859375,43.66565755208333,0.3280642830000147,0.5,223.08984375,0.04700520833333334,3948.0,0.0,0.0,0.0,32.80953776041667,133.26292317708334,0.22553852053333495,0.5,171.21484375,0.01809895833333333,3948.0,0.0026041666666666665,0.0,0.0,21.523828125,86.49410807291666,0.04425303333332522,0.5,128.3515625,0.0005208333333333333,3948.0,0.0,0.0,0.0,2.03310546875,3.0303059895833333,0.07291150656668038,0.5,162.66015625,3.390755208333333,3948.0,0.00013020833333333333,0.0,0.0,3.630110677083333,62.78447265625,2026-03-24 14:00:10
0.06224292479999842,0.5,379.94140625,0.04895833333333334,3948.0,0.000390625,0.0,0.0,1.9821614583333333,45.673177083333336,0.18112225919999975,0.5,277.609375,0.03072916666666667,3948.0,0.0,0.0,0.0,3.5819986979166667,45.800227864583334,0.06837535359999904,0.5,164.58203125,2.6671875000000003,3948.0,0.0,0.0,0.0,6.316731770833333,174.04524739583334,0.36322743679997227,0.5,265.20703125,8.817838541666667,3948.0,0.001171875,0.0,0.0,16.141471354166665,76.62783203125,0.04639111039999951,0.5,175.078125,4.623046875,3948.0,0.0,0.0,0.0,0.99990234375,15.949772135416667,0.6825626623333316,0.5,230.1484375,3.177994791666667,3948.0,0.0,0.0,0.0,64.57301432291666,502.81158854166665,0.034878067199984264,0.5,184.0078125,0.0328125,3948.0,0.00026041666666666666,0.0,0.0,2.04130859375,43.66565755208333,0.3280642830000147,0.5,223.08984375,0.04700520833333334,3948.0,0.0,0.0,0.0,32.80953776041667,133.26292317708334,0.22553852053333495,0.5,171.21484375,0.01809895833333333,3948.0,0.0026041666666666665,0.0,0.0,21.523828125,86.49410807291666,0.04425303333332522,0.5,128.3515625,0.0005208333333333333,3948.0,0.0,0.0,0.0,2.03310546875,3.0303059895833333,0.07291150656668038,0.5,162.66015625,3.390755208333333,3948.0,0.00013020833333333333,0.0,0.0,3.630110677083333,62.78447265625,2026-03-24 14:00:15
0.11115401493332801,0.5,377.65234375,8.196614583333336,3948.0,0.0,0.0,0.0,8.091731770833336,95.40260416666668,0.25532856746666166,0.5,278.1484375,0.017968750000000006,3948.0,0.0015625000000000005,0.0,0.0,14.483203125000005,107.7358072916667,0.17898039679999944,0.5,162.46484375,2.7315104166666675,3948.0,0.0007812500000000003,0.0,0.0,6.474837239583335,113.4170572916667,0.5086995498666512,0.5,282.140625,0.5644531250000001,3948.0,0.0,0.0,0.0,19.89772135416667,75.17392578125002,0.058935051733332494,0.5,175.04296875,1.189322916666667,3948.0,0.0002604166666666667,0.0,0.0,2.6568359375000004,24.201595052083338,0.6825626623333316,0.5,230.1484375,3.177994791666667,3948.0,0.0,0.0,0.0,64.57301432291666,502.81158854166665,0.03779782186667642,0.5,182.15625,4.192838541666667,3948.0,0.0,0.0,0.0,1.3556640625000003,20.225618489583336,0.3280642830000147,0.5,223.08984375,0.04700520833333334,3948.0,0.0,0.0,0.0,32.80953776041667,133.26292317708334,0.5184300778666664,0.5,185.0703125,0.46184895833333345,3948.0,0.0,0.0,0.0,19.559375000000003,34.954329427083344,0.04425303333332522,0.5,128.3515625,0.0005208333333333333,3948.0,0.0,0.0,0.0,2.03310546875,3.0303059895833333,0.07291150656668038,0.5,162.66015625,3.390755208333333,3948.0,0.00013020833333333333,0.0,0.0,3.630110677083333,62.78447265625,2026-03-24 14:00:20
0.11115401493332801,0.5,377.65234375,8.196614583333336,3948.0,0.0,0.0,0.0,8.091731770833336,95.40260416666668,0.25532856746666166,0.5,278.1484375,0.017968750000000006,3948.0,0.0015625000000000005,0.0,0.0,14.483203125000005,107.7358072916667,0.17898039679999944,0.5,162.46484375,2.7315104166666675,3948.0,0.0007812500000000003,0.0,0.0,6.474837239583335,113.4170572916667,0.5086995498666512,0.5,282.140625,0.5644531250000001,3948.0,0.0,0.0,0.0,19.89772135416667,75.17392578125002,0.058935051733332494,0.5,175.04296875,1.189322916666667,3948.0,0.0002604166666666667,0.0,0.0,2.6568359375000004,24.201595052083338,0.6825626623333316,0.5,230.1484375,3.177994791666667,3948.0,0.0,0.0,0.0,64.57301432291666,502.81158854166665,0.03779782186667642,0.5,182.15625,4.192838541666667,3948.0,0.0,0.0,0.0,1.3556640625000003,20.225618489583336,0.3280642830000147,0.5,223.08984375,0.04700520833333334,3948.0,0.0,0.0,0.0,32.80953776041667,133.26292317708334,0.5184300778666664,0.5,185.0703125,0.46184895833333345,3948.0,0.0,0.0,0.0,19.559375000000003,34.954329427083344,0.04425303333332522,0.5,128.3515625,0.0005208333333333333,3948.0,0.0,0.0,0.0,2.03310546875,3.0303059895833333,0.07291150656668038,0.5,162.66015625,3.390755208333333,3948.0,0.00013020833333333333,0.0,0.0,3.630110677083333,62.78447265625,2026-03-24 14:00:25
0.11115401493332801,0.5,377.65234375,8.196614583333336,3948.0,0.0,0.0,0.0,8.091731770833336,95.40260416666668,0.25532856746666166,0.5,278.1484375,0.017968750000000006,3948.0,0.0015625000000000005,0.0,0.0,14.483203125000005,107.7358072916667,0.17898039679999944,0.5,162.46484375,2.7315104166666675,3948.0,0.0007812500000000003,0.0,0.0,6.474837239583335,113.4170572916667,0.5086995498666512,0.5,282.140625,0.5644531250000001,3948.0,0.0,0.0,0.0,19.89772135416667,75.17392578125002,0.058935051733332494,0.5,175.04296875,1.189322916666667,3948.0,0.0002604166666666667,0.0,0.0,2.6568359375000004,24.201595052083338,0.6825626623333316,0.5,230.1484375,3.177994791666667,3948.0,0.0,0.0,0.0,64.57301432291666,502.81158854166665,0.03779782186667642,0.5,182.15625,4.192838541666667,3948.0,0.0,0.0,0.0,1.3556640625000003,20.225618489583336,0.3280642830000147,0.5,223.08984375,0.04700520833333334,3948.0,0.0,0.0,0.0,32.80953776041667,133.26292317708334,0.5184300778666664,0.5,185.0703125,0.46184895833333345,3948.0,0.0,0.0,0.0,19.559375000000003,34.954329427083344,0.04425303333332522,0.5,128.3515625,0.0005208333333333333,3948.0,0.0,0.0,0.0,2.03310546875,3.0303059895833333,0.07291150656668038,0.5,162.66015625,3.390755208333333,3948.0,0.00013020833333333333,0.0,0.0,3.630110677083333,62.78447265625,2026-03-24 14:00:30
0.11115401493332797,0.5,377.65234375,8.196614583333334,3948.0,0.0,0.0,0.0,8.091731770833333,95.40260416666666,0.2553285674666616,0.5,278.1484375,0.01796875,3948.0,0.0015625,0.0,0.0,14.483203125,107.73580729166666,0.17898039679999939,0.5,162.46484375,2.7315104166666666,3948.0,0.00078125,0.0,0.0,6.474837239583334,113.41705729166667,0.5086995498666511,0.5,282.140625,0.564453125,3948.0,0.0,0.0,0.0,19.897721354166666,75.17392578125,0.05893505173333248,0.5,175.04296875,1.1893229166666668,3948.0,0.00026041666666666666,0.0,0.0,2.6568359375,24.201595052083334,1.0828321651333415,0.5,285.890625,1.8580729166666667,3948.0,0.03802083333333333,0.0,0.0,65.86559244791667,451.9754231770833,0.03779782186667641,0.5,182.15625,4.192838541666667,3948.0,0.0,0.0,0.0,1.3556640625,20.225618489583333,0.4606073799666376,0.5,222.12109375,4.772916666666667,3948.0,0.0,0.0,0.0,30.81708984375,122.91246744791667,0.5184300778666663,0.5,185.0703125,0.46184895833333334,3948.0,0.0,0.0,0.0,19.559375,34.95432942708333,0.0350462486000121,0.5,128.375,0.00078125,3948.0,0.0,0.0,0.0,6.744694010416667,16.616048177083332,0.08824022679998889,0.5,163.515625,0.028515625000000006,3948.0,0.005859375000000001,0.0,0.0,6.593717447916669,79.24195963541668,2026-03-24 14:00:35
0.11115401493332797,0.5,377.65234375,8.196614583333334,3948.0,0.0,0.0,0.0,8.091731770833333,95.40260416666666,0.2553285674666616,0.5,278.1484375,0.01796875,3948.0,0.0015625,0.0,0.0,14.483203125,107.73580729166666,0.17898039679999939,0.5,162.46484375,2.7315104166666666,3948.0,0.00078125,0.0,0.0,6.474837239583334,113.41705729166667,0.5086995498666511,0.5,282.140625,0.564453125,3948.0,0.0,0.0,0.0,19.897721354166666,75.17392578125,0.05893505173333248,0.5,175.04296875,1.1893229166666668,3948.0,0.00026041666666666666,0.0,0.0,2.6568359375,24.201595052083334,1.0828321651333415,0.5,285.890625,1.8580729166666667,3948.0,0.03802083333333333,0.0,0.0,65.86559244791667,451.9754231770833,0.03779782186667641,0.5,182.15625,4.192838541666667,3948.0,0.0,0.0,0.0,1.3556640625,20.225618489583333,0.4606073799666376,0.5,222.12109375,4.772916666666667,3948.0,0.0,0.0,0.0,30.81708984375,122.91246744791667,0.5184300778666663,0.5,185.0703125,0.46184895833333334,3948.0,0.0,0.0,0.0,19.559375,34.95432942708333,0.0350462486000121,0.5,128.375,0.00078125,3948.0,0.0,0.0,0.0,6.744694010416667,16.616048177083332,0.08824022679998886,0.5,163.515625,0.028515625,3948.0,0.005859375,0.0,0.0,6.593717447916666,79.24195963541666,2026-03-24 14:00:40
0.11115401493332797,0.5,377.65234375,8.196614583333334,3948.0,0.0,0.0,0.0,8.091731770833333,95.40260416666666,0.2553285674666616,0.5,278.1484375,0.01796875,3948.0,0.0015625,0.0,0.0,14.483203125,107.73580729166666,0.17898039679999939,0.5,162.46484375,2.7315104166666666,3948.0,0.00078125,0.0,0.0,6.474837239583334,113.41705729166667,0.5086995498666511,0.5,282.140625,0.564453125,3948.0,0.0,0.0,0.0,19.897721354166666,75.17392578125,0.05893505173333248,0.5,175.04296875,1.1893229166666668,3948.0,0.00026041666666666666,0.0,0.0,2.6568359375,24.201595052083334,1.0828321651333415,0.5,285.890625,1.8580729166666667,3948.0,0.03802083333333333,0.0,0.0,65.86559244791667,451.9754231770833,0.03779782186667641,0.5,182.15625,4.192838541666667,3948.0,0.0,0.0,0.0,1.3556640625,20.225618489583333,0.4606073799666376,0.5,222.12109375,4.772916666666667,3948.0,0.0,0.0,0.0,30.81708984375,122.91246744791667,0.5184300778666663,0.5,185.0703125,0.46184895833333334,3948.0,0.0,0.0,0.0,19.559375,34.95432942708333,0.0350462486000121,0.5,128.375,0.00078125,3948.0,0.0,0.0,0.0,6.744694010416667,16.616048177083332,0.08824022679998886,0.5,163.515625,0.028515625,3948.0,0.005859375,0.0,0.0,6.593717447916666,79.24195963541666,2026-03-24 14:00:45
0.06912526506667217,0.5,377.98828125,0.01119791666666667,3948.0,0.013802083333333336,0.0,0.0,5.641210937500001,64.65094401041668,0.22723608213333368,0.5,279.359375,2.888932291666667,3948.0,0.0,0.0,0.0,12.051041666666668,88.22470703125002,0.15571703893333486,0.5,166.7421875,0.14257812500000006,3948.0,0.002864583333333334,0.0,0.0,4.736686197916668,99.21835937500002,0.4572044106667326,0.5,277.1015625,9.21432291666667,3948.0,0.03828125000000001,0.0,0.0,17.06022135416667,65.02447916666668,0.05112547733333345,0.5,175.08984375,0.0015625000000000003,3948.0,0.0,0.0,0.0,1.9875325520833338,23.360579427083337,1.0828321651333415,0.5,285.890625,1.8580729166666667,3948.0,0.03802083333333333,0.0,0.0,65.86559244791667,451.9754231770833,0.03912887893334112,0.5,182.83984375,3.0609375,3948.0,0.003125000000000001,0.0,0.0,2.5439778645833337,46.78382161458334,0.4606073799666376,0.5,222.12109375,4.772916666666667,3948.0,0.0,0.0,0.0,30.81708984375,122.91246744791667,0.515630128,0.5,183.640625,4.2380208333333345,3948.0,0.0,0.0,0.0,45.66894531250001,92.26513671875001,0.0350462486000121,0.5,128.375,0.00078125,3948.0,0.0,0.0,0.0,6.744694010416667,16.616048177083332,0.08824022679998886,0.5,163.515625,0.028515625,3948.0,0.005859375,0.0,0.0,6.593717447916666,79.24195963541666,2026-03-24 14:00:50
0.06912526506667217,0.5,377.98828125,0.01119791666666667,3948.0,0.013802083333333336,0.0,0.0,5.641210937500001,64.65094401041668,0.22723608213333368,0.5,279.359375,2.888932291666667,3948.0,0.0,0.0,0.0,12.051041666666668,88.22470703125002,0.15571703893333486,0.5,166.7421875,0.14257812500000006,3948.0,0.002864583333333334,0.0,0.0,4.736686197916668,99.21835937500002,0.4572044106667326,0.5,277.1015625,9.21432291666667,3948.0,0.03828125000000001,0.0,0.0,17.06022135416667,65.02447916666668,0.05112547733333345,0.5,175.08984375,0.0015625000000000003,3948.0,0.0,0.0,0.0,1.9875325520833338,23.360579427083337,1.0828321651333415,0.5,285.890625,1.8580729166666667,3948.0,0.03802083333333333,0.0,0.0,65.86559244791667,451.9754231770833,0.03912887893334112,0.5,182.83984375,3.0609375,3948.0,0.003125000000000001,0.0,0.0,2.5439778645833337,46.78382161458334,0.4606073799666376,0.5,222.12109375,4.772916666666667,3948.0,0.0,0.0,0.0,30.81708984375,122.91246744791667,0.515630128,0.5,183.640625,4.2380208333333345,3948.0,0.0,0.0,0.0,45.66894531250001,92.26513671875001,0.0350462486000121,0.5,128.375,0.00078125,3948.0,0.0,0.0,0.0,6.744694010416667,16.616048177083332,0.08824022679998886,0.5,163.515625,0.028515625,3948.0,0.005859375,0.0,0.0,6.593717447916666,79.24195963541666,2026-03-24 14:00:55
0.06912526506667217,0.5,377.98828125,0.01119791666666667,3948.0,0.013802083333333336,0.0,0.0,5.641210937500001,64.65094401041668,0.22723608213333368,0.5,279.359375,2.888932291666667,3948.0,0.0,0.0,0.0,12.051041666666668,88.22470703125002,0.15571703893333486,0.5,166.7421875,0.14257812500000006,3948.0,0.002864583333333334,0.0,0.0,4.736686197916668,99.21835937500002,0.4572044106667326,0.5,277.1015625,9.21432291666667,3948.0,0.03828125000000001,0.0,0.0,17.06022135416667,65.02447916666668,0.05112547733333345,0.5,175.08984375,0.0015625000000000003,3948.0,0.0,0.0,0.0,1.9875325520833338,23.360579427083337,1.0828321651333415,0.5,285.890625,1.8580729166666667,3948.0,0.03802083333333333,0.0,0.0,65.86559244791667,451.9754231770833,0.03912887893334112,0.5,182.83984375,3.0609375,3948.0,0.003125000000000001,0.0,0.0,2.5439778645833337,46.78382161458334,0.4606073799666376,0.5,222.12109375,4.772916666666667,3948.0,0.0,0.0,0.0,30.81708984375,122.91246744791667,0.515630128,0.5,183.640625,4.2380208333333345,3948.0,0.0,0.0,0.0,45.66894531250001,92.26513671875001,0.0350462486000121,0.5,128.375,0.00078125,3948.0,0.0,0.0,0.0,6.744694010416667,16.616048177083332,0.08824022679998886,0.5,163.515625,0.028515625,3948.0,0.005859375,0.0,0.0,6.593717447916666,79.24195963541666,2026-03-24 14:01:00
0.06912526506667216,0.5,377.98828125,0.011197916666666669,3948.0,0.013802083333333333,0.0,0.0,5.6412109375,64.65094401041667,0.22723608213333363,0.5,279.359375,2.8889322916666664,3948.0,0.0,0.0,0.0,12.051041666666666,88.22470703125,0.15571703893333483,0.5,166.7421875,0.142578125,3948.0,0.002864583333333333,0.0,0.0,4.736686197916667,99.218359375,0.45720441066673245,0.5,277.1015625,9.214322916666667,3948.0,0.03828125,0.0,0.0,17.060221354166668,65.02447916666667,0.05112547733333343,0.5,175.08984375,0.0015625,3948.0,0.0,0.0,0.0,1.9875325520833333,23.360579427083334,1.1485388821666636,0.5,279.85546875,7.950130208333334,3948.0,0.0,0.0,0.0,100.67496744791667,738.0481770833334,0.039128878933341105,0.5,182.83984375,3.0609374999999996,3948.0,0.003125,0.0,0.0,2.5439778645833333,46.78382161458333,0.3921896845667088,0.5,224.59375,0.082421875,3948.0,0.0,0.0,0.0,32.70224609375,145.30315755208332,0.5156301279999999,0.5,183.640625,4.238020833333334,3948.0,0.0,0.0,0.0,45.6689453125,92.26513671875,0.02721332036666505,0.5,128.375,0.0,3948.0,0.0,0.0,0.0,6.548665364583333,13.940559895833333,0.07045609943336237,0.5,163.42578125,3.411848958333334,3948.0,0.0,0.0,0.0,4.741406250000001,67.62926432291668,2026-03-24 14:01:05
0.06912526506667216,0.5,377.98828125,0.011197916666666669,3948.0,0.013802083333333333,0.0,0.0,5.6412109375,64.65094401041667,0.22723608213333363,0.5,279.359375,2.8889322916666664,3948.0,0.0,0.0,0.0,12.051041666666666,88.22470703125,0.15571703893333483,0.5,166.7421875,0.142578125,3948.0,0.002864583333333333,0.0,0.0,4.736686197916667,99.218359375,0.45720441066673245,0.5,277.1015625,9.214322916666667,3948.0,0.03828125,0.0,0.0,17.060221354166668,65.02447916666667,0.05112547733333343,0.5,175.08984375,0.0015625,3948.0,0.0,0.0,0.0,1.9875325520833333,23.360579427083334,1.1485388821666636,0.5,279.85546875,7.950130208333334,3948.0,0.0,0.0,0.0,100.67496744791667,738.0481770833334,0.039128878933341105,0.5,182.83984375,3.0609374999999996,3948.0,0.003125,0.0,0.0,2.5439778645833333,46.78382161458333,0.3921896845667088,0.5,224.59375,0.082421875,3948.0,0.0,0.0,0.0,32.70224609375,145.30315755208332,0.5156301279999999,0.5,183.640625,4.238020833333334,3948.0,0.0,0.0,0.0,45.6689453125,92.26513671875,0.02721332036666505,0.5,128.375,0.0,3948.0,0.0,0.0,0.0,6.548665364583333,13.940559895833333,0.07045609943336237,0.5,163.42578125,3.4118489583333336,3948.0,0.0,0.0,0.0,4.74140625,67.62926432291667,2026-03-24 14:01:10
0.06912526506667216,0.5,377.98828125,0.011197916666666669,3948.0,0.013802083333333333,0.0,0.0,5.6412109375,64.65094401041667,0.22723608213333363,0.5,279.359375,2.8889322916666664,3948.0,0.0,0.0,0.0,12.051041666666666,88.22470703125,0.15571703893333483,0.5,166.7421875,0.142578125,3948.0,0.002864583333333333,0.0,0.0,4.736686197916667,99.218359375,0.45720441066673245,0.5,277.1015625,9.214322916666667,3948.0,0.03828125,0.0,0.0,17.060221354166668,65.02447916666667,0.05112547733333343,0.5,175.08984375,0.0015625,3948.0,0.0,0.0,0.0,1.9875325520833333,23.360579427083334,1.1485388821666636,0.5,279.85546875,7.950130208333334,3948.0,0.0,0.0,0.0,100.67496744791667,738.0481770833334,0.039128878933341105,0.5,182.83984375,3.0609374999999996,3948.0,0.003125,0.0,0.0,2.5439778645833333,46.78382161458333,0.3921896845667088,0.5,224.59375,0.082421875,3948.0,0.0,0.0,0.0,32.70224609375,145.30315755208332,0.5156301279999999,0.5,183.640625,4.238020833333334,3948.0,0.0,0.0,0.0,45.6689453125,92.26513671875,0.02721332036666505,0.5,128.375,0.0,3948.0,0.0,0.0,0.0,6.548665364583333,13.940559895833333,0.07045609943336237,0.5,163.42578125,3.4118489583333336,3948.0,0.0,0.0,0.0,4.74140625,67.62926432291667,2026-03-24 14:01:15
0.10884904213332905,0.5,380.4921875,0.08346354166666668,3948.0,0.0,0.0,0.0,6.153255208333334,71.12809244791669,0.2466846186666658,0.5,279.43359375,4.652343750000001,3948.0,0.007161458333333335,0.0,0.0,14.068684895833337,95.97128906250002,0.12975712213333332,0.5,159.85546875,5.304557291666669,3948.0,0.0,0.0,0.0,7.727604166666668,124.02141927083336,0.564717348266595,0.5,278.09375,2.4942708333333337,3948.0,0.0,0.0,0.0,27.118815104166675,116.92945963541669,0.05883775679999986,0.5,175.51171875,0.014062500000000004,3948.0,0.0010416666666666669,0.0,0.0,2.5482096354166672,26.320800781250007,1.1485388821666636,0.5,279.85546875,7.950130208333334,3948.0,0.0,0.0,0.0,100.67496744791667,738.0481770833334,0.04668640213331705,0.5,182.5546875,1.1662760416666669,3948.0,0.0,0.0,0.0,2.637044270833334,46.66715494791667,0.3921896845667088,0.5,224.59375,0.082421875,3948.0,0.0,0.0,0.0,32.70224609375,145.30315755208332,0.5028871882666675,0.5,186.75390625,0.10377604166666668,3948.0,0.010156250000000002,0.0,0.0,35.11090494791667,74.36575520833335,0.02721332036666505,0.5,128.375,0.0,3948.0,0.0,0.0,0.0,6.548665364583333,13.940559895833333,0.07045609943336237,0.5,163.42578125,3.4118489583333336,3948.0,0.0,0.0,0.0,4.74140625,67.62926432291667,2026-03-24 14:01:20
0.10884904213332905,0.5,380.4921875,0.08346354166666668,3948.0,0.0,0.0,0.0,6.153255208333334,71.12809244791669,0.2466846186666658,0.5,279.43359375,4.652343750000001,3948.0,0.007161458333333335,0.0,0.0,14.068684895833337,95.97128906250002,0.12975712213333332,0.5,159.85546875,5.304557291666669,3948.0,0.0,0.0,0.0,7.727604166666668,124.02141927083336,0.564717348266595,0.5,278.09375,2.4942708333333337,3948.0,0.0,0.0,0.0,27.118815104166675,116.92945963541669,0.05883775679999986,0.5,175.51171875,0.014062500000000004,3948.0,0.0010416666666666669,0.0,0.0,2.5482096354166672,26.320800781250007,1.1485388821666636,0.5,279.85546875,7.950130208333334,3948.0,0.0,0.0,0.0,100.67496744791667,738.0481770833334,0.04668640213331705,0.5,182.5546875,1.1662760416666669,3948.0,0.0,0.0,0.0,2.637044270833334,46.66715494791667,0.3921896845667088,0.5,224.59375,0.082421875,3948.0,0.0,0.0,0.0,32.70224609375,145.30315755208332,0.5028871882666675,0.5,186.75390625,0.10377604166666668,3948.0,0.010156250000000002,0.0,0.0,35.11090494791667,74.36575520833335,0.02721332036666505,0.5,128.375,0.0,3948.0,0.0,0.0,0.0,6.548665364583333,13.940559895833333,0.07045609943336237,0.5,163.42578125,3.4118489583333336,3948.0,0.0,0.0,0.0,4.74140625,67.62926432291667,2026-03-24 14:01:25
0.10884904213332905,0.5,380.4921875,0.08346354166666668,3948.0,0.0,0.0,0.0,6.153255208333334,71.12809244791669,0.2466846186666658,0.5,279.43359375,4.652343750000001,3948.0,0.007161458333333335,0.0,0.0,14.068684895833337,95.97128906250002,0.12975712213333332,0.5,159.85546875,5.304557291666669,3948.0,0.0,0.0,0.0,7.727604166666668,124.02141927083336,0.564717348266595,0.5,278.09375,2.4942708333333337,3948.0,0.0,0.0,0.0,27.118815104166675,116.92945963541669,0.05883775679999986,0.5,175.51171875,0.014062500000000004,3948.0,0.0010416666666666669,0.0,0.0,2.5482096354166672,26.320800781250007,1.1485388821666636,0.5,279.85546875,7.950130208333334,3948.0,0.0,0.0,0.0,100.67496744791667,738.0481770833334,0.04668640213331705,0.5,182.5546875,1.1662760416666669,3948.0,0.0,0.0,0.0,2.637044270833334,46.66715494791667,0.3921896845667088,0.5,224.59375,0.082421875,3948.0,0.0,0.0,0.0,32.70224609375,145.30315755208332,0.5028871882666675,0.5,186.75390625,0.10377604166666668,3948.0,0.010156250000000002,0.0,0.0,35.11090494791667,74.36575520833335,0.02721332036666505,0.5,128.375,0.0,3948.0,0.0,0.0,0.0,6.548665364583333,13.940559895833333,0.07045609943336237,0.5,163.42578125,3.4118489583333336,3948.0,0.0,0.0,0.0,4.74140625,67.62926432291667,2026-03-24 14:01:30
0.10884904213332902,0.5,380.4921875,0.08346354166666667,3948.0,0.0,0.0,0.0,6.153255208333333,71.12809244791667,0.24668461866666574,0.5,279.43359375,4.65234375,3948.0,0.007161458333333333,0.0,0.0,14.068684895833334,95.9712890625,0.1297571221333333,0.5,159.85546875,5.304557291666667,3948.0,0.0,0.0,0.0,7.727604166666667,124.02141927083333,0.5647173482665948,0.5,278.09375,2.494270833333333,3948.0,0.0,0.0,0.0,27.118815104166668,116.92945963541666,0.05883775679999985,0.5,175.51171875,0.0140625,3948.0,0.0010416666666666667,0.0,0.0,2.548209635416667,26.32080078125,0.8329426895333236,0.5,290.4296875,0.35247395833333334,3948.0,0.07044270833333334,0.0,0.0,75.85198567708333,511.644921875,0.04668640213331704,0.5,182.5546875,1.1662760416666667,3948.0,0.0,0.0,0.0,2.6370442708333335,46.667154947916664,0.3071988514666449,0.5,224.04296875,4.81484375,3948.0,0.00013020833333333333,0.0,0.0,31.762337239583335,134.22190755208334,0.5028871882666673,0.5,186.75390625,0.10377604166666667,3948.0,0.01015625,0.0,0.0,35.110904947916666,74.36575520833334,0.039621267399995,0.5,128.41796875,0.0014322916666666668,3948.0,0.0,0.0,0.0,5.3380859375,12.06708984375,0.09080792386665074,0.5,163.44921875,2.7278645833333335,3948.0,0.0,0.0,0.0,5.723958333333334,84.00859375000002,2026-03-24 14:01:35
0.10884904213332902,0.5,380.4921875,0.08346354166666667,3948.0,0.0,0.0,0.0,6.153255208333333,71.12809244791667,0.24668461866666574,0.5,279.43359375,4.65234375,3948.0,0.007161458333333333,0.0,0.0,14.068684895833334,95.9712890625,0.1297571221333333,0.5,159.85546875,5.304557291666667,3948.0,0.0,0.0,0.0,7.727604166666667,124.02141927083333,0.5647173482665948,0.5,278.09375,2.494270833333333,3948.0,0.0,0.0,0.0,27.118815104166668,116.92945963541666,0.05883775679999985,0.5,175.51171875,0.0140625,3948.0,0.0010416666666666667,0.0,0.0,2.548209635416667,26.32080078125,0.8329426895333236,0.5,290.4296875,0.35247395833333334,3948.0,0.07044270833333334,0.0,0.0,75.85198567708333,511.644921875,0.04668640213331704,0.5,182.5546875,1.1662760416666667,3948.0,0.0,0.0,0.0,2.6370442708333335,46.667154947916664,0.3071988514666449,0.5,224.04296875,4.81484375,3948.0,0.00013020833333333333,0.0,0.0,31.762337239583335,134.22190755208334,0.5028871882666673,0.5,186.75390625,0.10377604166666667,3948.0,0.01015625,0.0,0.0,35.110904947916666,74.36575520833334,0.039621267399995,0.5,128.41796875,0.0014322916666666668,3948.0,0.0,0.0,0.0,5.3380859375,12.06708984375,0.09080792386665072,0.5,163.44921875,2.727864583333333,3948.0,0.0,0.0,0.0,5.723958333333333,84.00859375,2026-03-24 14:01:40
0.10884904213332902,0.5,380.4921875,0.08346354166666667,3948.0,0.0,0.0,0.0,6.153255208333333,71.12809244791667,0.24668461866666574,0.5,279.43359375,4.65234375,3948.0,0.007161458333333333,0.0,0.0,14.068684895833334,95.9712890625,0.1297571221333333,0.5,159.85546875,5.304557291666667,3948.0,0.0,0.0,0.0,7.727604166666667,124.02141927083333,0.5647173482665948,0.5,278.09375,2.494270833333333,3948.0,0.0,0.0,0.0,27.118815104166668,116.92945963541666,0.05883775679999985,0.5,175.51171875,0.0140625,3948.0,0.0010416666666666667,0.0,0.0,2.548209635416667,26.32080078125,0.8329426895333236,0.5,290.4296875,0.35247395833333334,3948.0,0.07044270833333334,0.0,0.0,75.85198567708333,511.644921875,0.04668640213331704,0.5,182.5546875,1.1662760416666667,3948.0,0.0,0.0,0.0,2.6370442708333335,46.667154947916664,0.3071988514666449,0.5,224.04296875,4.81484375,3948.0,0.00013020833333333333,0.0,0.0,31.762337239583335,134.22190755208334,0.5028871882666673,0.5,186.75390625,0.10377604166666667,3948.0,0.01015625,0.0,0.0,35.110904947916666,74.36575520833334,0.039621267399995,0.5,128.41796875,0.0014322916666666668,3948.0,0.0,0.0,0.0,5.3380859375,12.06708984375,0.09080792386665072,0.5,163.44921875,2.727864583333333,3948.0,0.0,0.0,0.0,5.723958333333333,84.00859375,2026-03-24 14:01:45
0.09043412053333669,0.5,380.96484375,0.015755208333333336,3948.0,0.01471354166666667,0.0,0.0,6.560774739583335,67.79690755208335,0.29342482986666985,0.5,279.92578125,4.686979166666668,3948.0,0.0072916666666666685,0.0,0.0,11.19733072916667,74.79277343750002,0.18113204799999852,0.5,160.14453125,2.667968750000001,3948.0,0.0027343750000000003,0.0,0.0,5.740234375000001,102.69026692708336,0.573463117866686,0.5,278.8671875,2.4861979166666672,3948.0,0.038541666666666675,0.0,0.0,16.095019531250003,52.78056640625002,0.051652188799999985,0.5,175.90625,1.2036458333333335,3948.0,0.0010416666666666669,0.0,0.0,2.304524739583334,24.206770833333337,0.8329426895333236,0.5,290.4296875,0.35247395833333334,3948.0,0.07044270833333334,0.0,0.0,75.85198567708333,511.644921875,0.037070438400026745,0.5,182.3203125,3.015364583333334,3948.0,0.003515625000000001,0.0,0.0,2.2301757812500003,36.91015625000001,0.3071988514666449,0.5,224.04296875,4.81484375,3948.0,0.00013020833333333333,0.0,0.0,31.762337239583335,134.22190755208334,0.42979173013333527,0.5,185.51171875,6.160807291666668,3948.0,0.0,0.0,0.0,28.389941406250006,53.02926432291668,0.039621267399995,0.5,128.41796875,0.0014322916666666668,3948.0,0.0,0.0,0.0,5.3380859375,12.06708984375,0.09080792386665072,0.5,163.44921875,2.727864583333333,3948.0,0.0,0.0,0.0,5.723958333333333,84.00859375,2026-03-24 14:01:50
0.09043412053333669,0.5,380.96484375,0.015755208333333336,3948.0,0.01471354166666667,0.0,0.0,6.560774739583335,67.79690755208335,0.29342482986666985,0.5,279.92578125,4.686979166666668,3948.0,0.0072916666666666685,0.0,0.0,11.19733072916667,74.79277343750002,0.18113204799999852,0.5,160.14453125,2.667968750000001,3948.0,0.0027343750000000003,0.0,0.0,5.740234375000001,102.69026692708336,0.573463117866686,0.5,278.8671875,2.4861979166666672,3948.0,0.038541666666666675,0.0,0.0,16.095019531250003,52.78056640625002,0.051652188799999985,0.5,175.90625,1.2036458333333335,3948.0,0.0010416666666666669,0.0,0.0,2.304524739583334,24.206770833333337,0.8329426895333236,0.5,290.4296875,0.35247395833333334,3948.0,0.07044270833333334,0.0,0.0,75.85198567708333,511.644921875,0.037070438400026745,0.5,182.3203125,3.015364583333334,3948.0,0.003515625000000001,0.0,0.0,2.2301757812500003,36.91015625000001,0.3071988514666449,0.5,224.04296875,4.81484375,3948.0,0.00013020833333333333,0.0,0.0,31.762337239583335,134.22190755208334,0.42979173013333527,0.5,185.51171875,6.160807291666668,3948.0,0.0,0.0,0.0,28.389941406250006,53.02926432291668,0.039621267399995,0.5,128.41796875,0.0014322916666666668,3948.0,0.0,0.0,0.0,5.3380859375,12.06708984375,0.09080792386665072,0.5,163.44921875,2.727864583333333,3948.0,0.0,0.0,0.0,5.723958333333333,84.00859375,2026-03-24 14:01:55
0.09043412053333669,0.5,380.96484375,0.015755208333333336,3948.0,0.01471354166666667,0.0,0.0,6.560774739583335,67.79690755208335,0.29342482986666985,0.5,279.92578125,4.686979166666668,3948.0,0.0072916666666666685,0.0,0.0,11.19733072916667,74.79277343750002,0.18113204799999852,0.5,160.14453125,2.667968750000001,3948.0,0.0027343750000000003,0.0,0.0,5.740234375000001,102.69026692708336,0.573463117866686,0.5,278.8671875,2.4861979166666672,3948.0,0.038541666666666675,0.0,0.0,16.095019531250003,52.78056640625002,0.051652188799999985,0.5,175.90625,1.2036458333333335,3948.0,0.0010416666666666669,0.0,0.0,2.304524739583334,24.206770833333337,0.8329426895333236,0.5,290.4296875,0.35247395833333334,3948.0,0.07044270833333334,0.0,0.0,75.85198567708333,511.644921875,0.037070438400026745,0.5,182.3203125,3.015364583333334,3948.0,0.003515625000000001,0.0,0.0,2.2301757812500003,36.91015625000001,0.3071988514666449,0.5,224.04296875,4.81484375,3948.0,0.00013020833333333333,0.0,0.0,31.762337239583335,134.22190755208334,0.42979173013333527,0.5,185.51171875,6.160807291666668,3948.0,0.0,0.0,0.0,28.389941406250006,53.02926432291668,0.039621267399995,0.5,128.41796875,0.0014322916666666668,3948.0,0.0,0.0,0.0,5.3380859375,12.06708984375,0.09080792386665072,0.5,163.44921875,2.727864583333333,3948.0,0.0,0.0,0.0,5.723958333333333,84.00859375,2026-03-24 14:02:00
0.09043412053333669,0.5,380.96484375,0.015755208333333333,3948.0,0.014713541666666666,0.0,0.0,6.560774739583334,67.79690755208334,0.29342482986666973,0.5,279.92578125,4.686979166666667,3948.0,0.007291666666666667,0.0,0.0,11.197330729166667,74.7927734375,0.1811320479999985,0.5,160.14453125,2.66796875,3948.0,0.002734375,0.0,0.0,5.740234375,102.69026692708333,0.5734631178666859,0.5,278.8671875,2.486197916666667,3948.0,0.03854166666666667,0.0,0.0,16.09501953125,52.78056640625,0.05165218879999997,0.5,175.90625,1.2036458333333333,3948.0,0.0010416666666666667,0.0,0.0,2.3045247395833335,24.206770833333334,0.9167551825000184,0.5,303.7890625,1.823046875,3948.0,0.0,0.0,0.0,31.40986328125,232.30266927083332,0.03707043840002673,0.5,182.3203125,3.015364583333333,3948.0,0.003515625,0.0,0.0,2.23017578125,36.91015625,0.5564473353999821,0.5,224.5859375,3.7544270833333333,3948.0,0.0,0.0,0.0,39.71015625,164.46474609375,0.42979173013333516,0.5,185.51171875,6.160807291666667,3948.0,0.0,0.0,0.0,28.38994140625,53.02926432291667,0.040107531766670944,0.5,128.171875,3.874739583333333,3948.0,0.0,0.0,0.0,6.444010416666667,12.670182291666666,0.07954437733335928,0.5,163.328125,0.6751302083333335,3948.0,0.005989583333333335,0.0,0.0,4.346809895833334,51.46894531250002,2026-03-24 14:02:05
0.09043412053333669,0.5,380.96484375,0.015755208333333333,3948.0,0.014713541666666666,0.0,0.0,6.560774739583334,67.79690755208334,0.29342482986666973,0.5,279.92578125,4.686979166666667,3948.0,0.007291666666666667,0.0,0.0,11.197330729166667,74.7927734375,0.1811320479999985,0.5,160.14453125,2.66796875,3948.0,0.002734375,0.0,0.0,5.740234375,102.69026692708333,0.5734631178666859,0.5,278.8671875,2.486197916666667,3948.0,0.03854166666666667,0.0,0.0,16.09501953125,52.78056640625,0.05165218879999997,0.5,175.90625,1.2036458333333333,3948.0,0.0010416666666666667,0.0,0.0,2.3045247395833335,24.206770833333334,0.9167551825000184,0.5,303.7890625,1.823046875,3948.0,0.0,0.0,0.0,31.40986328125,232.30266927083332,0.03707043840002673,0.5,182.3203125,3.015364583333333,3948.0,0.003515625,0.0,0.0,2.23017578125,36.91015625,0.5564473353999821,0.5,224.5859375,3.7544270833333333,3948.0,0.0,0.0,0.0,39.71015625,164.46474609375,0.42979173013333516,0.5,185.51171875,6.160807291666667,3948.0,0.0,0.0,0.0,28.38994140625,53.02926432291667,0.040107531766670944,0.5,128.171875,3.874739583333333,3948.0,0.0,0.0,0.0,6.444010416666667,12.670182291666666,0.07954437733335927,0.5,163.328125,0.6751302083333334,3948.0,0.005989583333333334,0.0,0.0,4.346809895833333,51.4689453125,2026-03-24 14:02:10
0.09043412053333669,0.5,380.96484375,0.015755208333333333,3948.0,0.014713541666666666,0.0,0.0,6.560774739583334,67.79690755208334,0.29342482986666973,0.5,279.92578125,4.686979166666667,3948.0,0.007291666666666667,0.0,0.0,11.197330729166667,74.7927734375,0.1811320479999985,0.5,160.14453125,2.66796875,3948.0,0.002734375,0.0,0.0,5.740234375,102.69026692708333,0.5734631178666859,0.5,278.8671875,2.486197916666667,3948.0,0.03854166666666667,0.0,0.0,16.09501953125,52.78056640625,0.05165218879999997,0.5,175.90625,1.2036458333333333,3948.0,0.0010416666666666667,0.0,0.0,2.3045247395833335,24.206770833333334,0.9167551825000184,0.5,303.7890625,1.823046875,3948.0,0.0,0.0,0.0,31.40986328125,232.30266927083332,0.03707043840002673,0.5,182.3203125,3.015364583333333,3948.0,0.003515625,0.0,0.0,2.23017578125,36.91015625,0.5564473353999821,0.5,224.5859375,3.7544270833333333,3948.0,0.0,0.0,0.0,39.71015625,164.46474609375,0.42979173013333516,0.5,185.51171875,6.160807291666667,3948.0,0.0,0.0,0.0,28.38994140625,53.02926432291667,0.040107531766670944,0.5,128.171875,3.874739583333333,3948.0,0.0,0.0,0.0,6.444010416666667,12.670182291666666,0.07954437733335927,0.5,163.328125,0.6751302083333334,3948.0,0.005989583333333334,0.0,0.0,4.346809895833333,51.4689453125,2026-03-24 14:02:15
0.12397417813333697,0.5,381.07421875,0.0036458333333333343,3948.0,0.0,0.0,0.0,5.124804687500001,51.52972005208335,0.2569249280000009,0.5,280.1640625,7.540234375000002,3948.0,0.0,0.0,0.0,13.161848958333337,90.02018229166669,0.1608167018666675,0.5,164.4140625,0.14231770833333335,3948.0,0.0,0.0,0.0,4.811393229166668,97.50992838541669,0.38778698880002294,0.5,280.16015625,4.709635416666668,3948.0,0.0,0.0,0.0,22.511132812500005,89.00556640625001,0.06206514559999999,0.5,175.93359375,3.0485677083333336,3948.0,0.0,0.0,0.0,2.050748697916667,22.479394531250005,0.9167551825000184,0.5,303.7890625,1.823046875,3948.0,0.0,0.0,0.0,31.40986328125,232.30266927083332,0.036631853866623494,0.5,183.80859375,0.04960937500000001,3948.0,0.0,0.0,0.0,2.0764322916666673,38.35501302083334,0.5564473353999821,0.5,224.5859375,3.7544270833333333,3948.0,0.0,0.0,0.0,39.71015625,164.46474609375,0.5066941397333324,0.5,186.06640625,1.2434895833333337,3948.0,0.01002604166666667,0.0,0.0,42.07545572916668,90.32477213541668,0.040107531766670944,0.5,128.171875,3.874739583333333,3948.0,0.0,0.0,0.0,6.444010416666667,12.670182291666666,0.07954437733335927,0.5,163.328125,0.6751302083333334,3948.0,0.005989583333333334,0.0,0.0,4.346809895833333,51.4689453125,2026-03-24 14:02:20
0.12397417813333697,0.5,381.07421875,0.0036458333333333343,3948.0,0.0,0.0,0.0,5.124804687500001,51.52972005208335,0.2569249280000009,0.5,280.1640625,7.540234375000002,3948.0,0.0,0.0,0.0,13.161848958333337,90.02018229166669,0.1608167018666675,0.5,164.4140625,0.14231770833333335,3948.0,0.0,0.0,0.0,4.811393229166668,97.50992838541669,0.38778698880002294,0.5,280.16015625,4.709635416666668,3948.0,0.0,0.0,0.0,22.511132812500005,89.00556640625001,0.06206514559999999,0.5,175.93359375,3.0485677083333336,3948.0,0.0,0.0,0.0,2.050748697916667,22.479394531250005,0.9167551825000184,0.5,303.7890625,1.823046875,3948.0,0.0,0.0,0.0,31.40986328125,232.30266927083332,0.036631853866623494,0.5,183.80859375,0.04960937500000001,3948.0,0.0,0.0,0.0,2.0764322916666673,38.35501302083334,0.5564473353999821,0.5,224.5859375,3.7544270833333333,3948.0,0.0,0.0,0.0,39.71015625,164.46474609375,0.5066941397333324,0.5,186.06640625,1.2434895833333337,3948.0,0.01002604166666667,0.0,0.0,42.07545572916668,90.32477213541668,0.040107531766670944,0.5,128.171875,3.874739583333333,3948.0,0.0,0.0,0.0,6.444010416666667,12.670182291666666,0.07954437733335927,0.5,163.328125,0.6751302083333334,3948.0,0.005989583333333334,0.0,0.0,4.346809895833333,51.4689453125,2026-03-24 14:02:25
0.12397417813333697,0.5,381.07421875,0.0036458333333333343,3948.0,0.0,0.0,0.0,5.124804687500001,51.52972005208335,0.2569249280000009,0.5,280.1640625,7.540234375000002,3948.0,0.0,0.0,0.0,13.161848958333337,90.02018229166669,0.1608167018666675,0.5,164.4140625,0.14231770833333335,3948.0,0.0,0.0,0.0,4.811393229166668,97.50992838541669,0.38778698880002294,0.5,280.16015625,4.709635416666668,3948.0,0.0,0.0,0.0,22.511132812500005,89.00556640625001,0.06206514559999999,0.5,175.93359375,3.0485677083333336,3948.0,0.0,0.0,0.0,2.050748697916667,22.479394531250005,0.9167551825000184,0.5,303.7890625,1.823046875,3948.0,0.0,0.0,0.0,31.40986328125,232.30266927083332,0.036631853866623494,0.5,183.80859375,0.04960937500000001,3948.0,0.0,0.0,0.0,2.0764322916666673,38.35501302083334,0.5564473353999821,0.5,224.5859375,3.7544270833333333,3948.0,0.0,0.0,0.0,39.71015625,164.46474609375,0.5066941397333324,0.5,186.06640625,1.2434895833333337,3948.0,0.01002604166666667,0.0,0.0,42.07545572916668,90.32477213541668,0.040107531766670944,0.5,128.171875,3.874739583333333,3948.0,0.0,0.0,0.0,6.444010416666667,12.670182291666666,0.07954437733335927,0.5,163.328125,0.6751302083333334,3948.0,0.005989583333333334,0.0,0.0,4.346809895833333,51.4689453125,2026-03-24 14:02:30
0.12397417813333694,0.5,381.07421875,0.0036458333333333334,3948.0,0.0,0.0,0.0,5.1248046875,51.529720052083334,0.25692492800000083,0.5,280.1640625,7.540234375000001,3948.0,0.0,0.0,0.0,13.161848958333334,90.02018229166667,0.16081670186666747,0.5,164.4140625,0.14231770833333335,3948.0,0.0,0.0,0.0,4.811393229166667,97.50992838541667,0.3877869888000229,0.5,280.16015625,4.709635416666667,3948.0,0.0,0.0,0.0,22.5111328125,89.00556640625,0.062065145599999975,0.5,175.93359375,3.048567708333333,3948.0,0.0,0.0,0.0,2.0507486979166667,22.47939453125,1.0025634241333212,0.5,294.19140625,9.785416666666666,3948.0,0.069921875,0.0,0.0,113.32509765625,799.6140299479167,0.03663185386662349,0.5,183.80859375,0.049609375,3948.0,0.0,0.0,0.0,2.076432291666667,38.35501302083333,0.4187378456666977,0.5,223.921875,1.0796875000000001,3948.0,0.0,0.0,0.0,23.573990885416666,98.66946614583334,0.5066941397333323,0.5,186.06640625,1.2434895833333335,3948.0,0.010026041666666667,0.0,0.0,42.07545572916667,90.32477213541667,0.038810678966660815,0.5,128.3515625,0.005989583333333333,3948.0,0.0,0.0,0.0,11.201725260416667,12.103125,0.08327389446663272,0.5,164.25,0.030729166666666675,3948.0,0.005989583333333335,0.0,0.0,4.328320312500001,60.27386067708335,2026-03-24 14:02:35
0.12397417813333694,0.5,381.07421875,0.0036458333333333334,3948.0,0.0,0.0,0.0,5.1248046875,51.529720052083334,0.25692492800000083,0.5,280.1640625,7.540234375000001,3948.0,0.0,0.0,0.0,13.161848958333334,90.02018229166667,0.16081670186666747,0.5,164.4140625,0.14231770833333335,3948.0,0.0,0.0,0.0,4.811393229166667,97.50992838541667,0.3877869888000229,0.5,280.16015625,4.709635416666667,3948.0,0.0,0.0,0.0,22.5111328125,89.00556640625,0.062065145599999975,0.5,175.93359375,3.048567708333333,3948.0,0.0,0.0,0.0,2.0507486979166667,22.47939453125,1.0025634241333212,0.5,294.19140625,9.785416666666666,3948.0,0.069921875,0.0,0.0,113.32509765625,799.6140299479167,0.03663185386662349,0.5,183.80859375,0.049609375,3948.0,0.0,0.0,0.0,2.076432291666667,38.35501302083333,0.4187378456666977,0.5,223.921875,1.0796875000000001,3948.0,0.0,0.0,0.0,23.573990885416666,98.66946614583334,0.5066941397333323,0.5,186.06640625,1.2434895833333335,3948.0,0.010026041666666667,0.0,0.0,42.07545572916667,90.32477213541667,0.038810678966660815,0.5,128.3515625,0.005989583333333333,3948.0,0.0,0.0,0.0,11.201725260416667,12.103125,0.08327389446663272,0.5,164.25,0.03072916666666667,3948.0,0.005989583333333334,0.0,0.0,4.3283203125,60.273860677083334,2026-03-24 14:02:40
0.12397417813333694,0.5,381.07421875,0.0036458333333333334,3948.0,0.0,0.0,0.0,5.1248046875,51.529720052083334,0.25692492800000083,0.5,280.1640625,7.540234375000001,3948.0,0.0,0.0,0.0,13.161848958333334,90.02018229166667,0.16081670186666747,0.5,164.4140625,0.14231770833333335,3948.0,0.0,0.0,0.0,4.811393229166667,97.50992838541667,0.3877869888000229,0.5,280.16015625,4.709635416666667,3948.0,0.0,0.0,0.0,22.5111328125,89.00556640625,0.062065145599999975,0.5,175.93359375,3.048567708333333,3948.0,0.0,0.0,0.0,2.0507486979166667,22.47939453125,1.0025634241333212,0.5,294.19140625,9.785416666666666,3948.0,0.069921875,0.0,0.0,113.32509765625,799.6140299479167,0.03663185386662349,0.5,183.80859375,0.049609375,3948.0,0.0,0.0,0.0,2.076432291666667,38.35501302083333,0.4187378456666977,0.5,223.921875,1.0796875000000001,3948.0,0.0,0.0,0.0,23.573990885416666,98.66946614583334,0.5066941397333323,0.5,186.06640625,1.2434895833333335,3948.0,0.010026041666666667,0.0,0.0,42.07545572916667,90.32477213541667,0.038810678966660815,0.5,128.3515625,0.005989583333333333,3948.0,0.0,0.0,0.0,11.201725260416667,12.103125,0.08327389446663272,0.5,164.25,0.03072916666666667,3948.0,0.005989583333333334,0.0,0.0,4.3283203125,60.273860677083334,2026-03-24 14:02:45
0.1023517418666624,0.5,383.69921875,0.08750000000000002,3948.0,0.013932291666666671,0.0,0.0,5.829264322916668,64.74570312500002,0.20652535573333167,0.5,280.08203125,2.859114583333334,3948.0,0.0066406250000000016,0.0,0.0,6.839550781250002,60.057031250000016,0.13177983786666758,0.5,172.375,1.117057291666667,3948.0,0.0,0.0,0.0,5.975065104166668,108.67805989583336,0.5381388938666571,0.5,280.69140625,2.4769531250000005,3948.0,0.03776041666666667,0.0,0.0,30.18587239583334,89.38746744791668,0.045978538666666215,0.5,175.9765625,0.001432291666666667,3948.0,0.0009114583333333336,0.0,0.0,2.3171549479166673,30.614876302083342,1.0025634241333212,0.5,294.19140625,9.785416666666666,3948.0,0.069921875,0.0,0.0,113.32509765625,799.6140299479167,0.04556890880000804,0.5,183.90625,1.1940104166666667,3948.0,0.0027343750000000003,0.0,0.0,2.0249023437500004,37.47539062500001,0.4187378456666977,0.5,223.921875,1.0796875000000001,3948.0,0.0,0.0,0.0,23.573990885416666,98.66946614583334,0.6789629973333321,0.5,185.1484375,4.293750000000001,3948.0,0.010156250000000002,0.0,0.0,22.20455729166667,41.446516927083344,0.038810678966660815,0.5,128.3515625,0.005989583333333333,3948.0,0.0,0.0,0.0,11.201725260416667,12.103125,0.08327389446663272,0.5,164.25,0.03072916666666667,3948.0,0.005989583333333334,0.0,0.0,4.3283203125,60.273860677083334,2026-03-24 14:02:50
0.1023517418666624,0.5,383.69921875,0.08750000000000002,3948.0,0.013932291666666671,0.0,0.0,5.829264322916668,64.74570312500002,0.20652535573333167,0.5,280.08203125,2.859114583333334,3948.0,0.0066406250000000016,0.0,0.0,6.839550781250002,60.057031250000016,0.13177983786666758,0.5,172.375,1.117057291666667,3948.0,0.0,0.0,0.0,5.975065104166668,108.67805989583336,0.5381388938666571,0.5,280.69140625,2.4769531250000005,3948.0,0.03776041666666667,0.0,0.0,30.18587239583334,89.38746744791668,0.045978538666666215,0.5,175.9765625,0.001432291666666667,3948.0,0.0009114583333333336,0.0,0.0,2.3171549479166673,30.614876302083342,1.0025634241333212,0.5,294.19140625,9.785416666666666,3948.0,0.069921875,0.0,0.0,113.32509765625,799.6140299479167,0.04556890880000804,0.5,183.90625,1.1940104166666667,3948.0,0.0027343750000000003,0.0,0.0,2.0249023437500004,37.47539062500001,0.4187378456666977,0.5,223.921875,1.0796875000000001,3948.0,0.0,0.0,0.0,23.573990885416666,98.66946614583334,0.6789629973333321,0.5,185.1484375,4.293750000000001,3948.0,0.010156250000000002,0.0,0.0,22.20455729166667,41.446516927083344,0.038810678966660815,0.5,128.3515625,0.005989583333333333,3948.0,0.0,0.0,0.0,11.201725260416667,12.103125,0.08327389446663272,0.5,164.25,0.03072916666666667,3948.0,0.005989583333333334,0.0,0.0,4.3283203125,60.273860677083334,2026-03-24 14:02:55
0.1023517418666624,0.5,383.69921875,0.08750000000000002,3948.0,0.013932291666666671,0.0,0.0,5.829264322916668,64.74570312500002,0.20652535573333167,0.5,280.08203125,2.859114583333334,3948.0,0.0066406250000000016,0.0,0.0,6.839550781250002,60.057031250000016,0.13177983786666758,0.5,172.375,1.117057291666667,3948.0,0.0,0.0,0.0,5.975065104166668,108.67805989583336,0.5381388938666571,0.5,280.69140625,2.4769531250000005,3948.0,0.03776041666666667,0.0,0.0,30.18587239583334,89.38746744791668,0.045978538666666215,0.5,175.9765625,0.001432291666666667,3948.0,0.0009114583333333336,0.0,0.0,2.3171549479166673,30.614876302083342,1.0025634241333212,0.5,294.19140625,9.785416666666666,3948.0,0.069921875,0.0,0.0,113.32509765625,799.6140299479167,0.04556890880000804,0.5,183.90625,1.1940104166666667,3948.0,0.0027343750000000003,0.0,0.0,2.0249023437500004,37.47539062500001,0.4187378456666977,0.5,223.921875,1.0796875000000001,3948.0,0.0,0.0,0.0,23.573990885416666,98.66946614583334,0.6789629973333321,0.5,185.1484375,4.293750000000001,3948.0,0.010156250000000002,0.0,0.0,22.20455729166667,41.446516927083344,0.038810678966660815,0.5,128.3515625,0.005989583333333333,3948.0,0.0,0.0,0.0,11.201725260416667,12.103125,0.08327389446663272,0.5,164.25,0.03072916666666667,3948.0,0.005989583333333334,0.0,0.0,4.3283203125,60.273860677083334,2026-03-24 14:03:00
0.10235174186666238,0.5,383.69921875,0.0875,3948.0,0.013932291666666667,0.0,0.0,5.829264322916667,64.745703125,0.20652535573333164,0.5,280.08203125,2.859114583333333,3948.0,0.006640625,0.0,0.0,6.83955078125,60.05703125,0.13177983786666753,0.5,172.375,1.1170572916666666,3948.0,0.0,0.0,0.0,5.975065104166666,108.67805989583333,0.538138893866657,0.5,280.69140625,2.476953125,3948.0,0.037760416666666664,0.0,0.0,30.185872395833332,89.38746744791666,0.04597853866666621,0.5,175.9765625,0.0014322916666666668,3948.0,0.0009114583333333333,0.0,0.0,2.317154947916667,30.614876302083335,0.9503346281333468,0.5,287.90625,9.575911458333334,3948.0,0.0,0.0,0.0,79.72701822916666,561.6256184895833,0.04556890880000802,0.5,183.90625,1.1940104166666665,3948.0,0.002734375,0.0,0.0,2.02490234375,37.475390625,0.29057382576662766,0.5,223.94140625,3.732682291666667,3948.0,0.0,0.0,0.0,46.341634114583336,198.60149739583332,0.678962997333332,0.5,185.1484375,4.29375,3948.0,0.01015625,0.0,0.0,22.204557291666667,41.44651692708333,0.03342471196666945,0.5,128.359375,0.00026041666666666666,3948.0,0.0,0.0,0.0,3.896223958333333,9.1080078125,0.09163738603330293,0.5,162.8515625,5.410026041666668,3948.0,0.00013020833333333336,0.0,0.0,4.881315104166668,64.15234375000001,2026-03-24 14:03:05
0.10235174186666238,0.5,383.69921875,0.0875,3948.0,0.013932291666666667,0.0,0.0,5.829264322916667,64.745703125,0.20652535573333164,0.5,280.08203125,2.859114583333333,3948.0,0.006640625,0.0,0.0,6.83955078125,60.05703125,0.13177983786666753,0.5,172.375,1.1170572916666666,3948.0,0.0,0.0,0.0,5.975065104166666,108.67805989583333,0.538138893866657,0.5,280.69140625,2.476953125,3948.0,0.037760416666666664,0.0,0.0,30.185872395833332,89.38746744791666,0.04597853866666621,0.5,175.9765625,0.0014322916666666668,3948.0,0.0009114583333333333,0.0,0.0,2.317154947916667,30.614876302083335,0.9503346281333468,0.5,287.90625,9.575911458333334,3948.0,0.0,0.0,0.0,79.72701822916666,561.6256184895833,0.04556890880000802,0.5,183.90625,1.1940104166666665,3948.0,0.002734375,0.0,0.0,2.02490234375,37.475390625,0.29057382576662766,0.5,223.94140625,3.732682291666667,3948.0,0.0,0.0,0.0,46.341634114583336,198.60149739583332,0.678962997333332,0.5,185.1484375,4.29375,3948.0,0.01015625,0.0,0.0,22.204557291666667,41.44651692708333,0.03342471196666945,0.5,128.359375,0.00026041666666666666,3948.0,0.0,0.0,0.0,3.896223958333333,9.1080078125,0.09163738603330293,0.5,162.8515625,5.410026041666667,3948.0,0.00013020833333333333,0.0,0.0,4.881315104166666,64.15234375,2026-03-24 14:03:10
0.10235174186666238,0.5,383.69921875,0.0875,3948.0,0.013932291666666667,0.0,0.0,5.829264322916667,64.745703125,0.20652535573333164,0.5,280.08203125,2.859114583333333,3948.0,0.006640625,0.0,0.0,6.83955078125,60.05703125,0.13177983786666753,0.5,172.375,1.1170572916666666,3948.0,0.0,0.0,0.0,5.975065104166666,108.67805989583333,0.538138893866657,0.5,280.69140625,2.476953125,3948.0,0.037760416666666664,0.0,0.0,30.185872395833332,89.38746744791666,0.04597853866666621,0.5,175.9765625,0.0014322916666666668,3948.0,0.0009114583333333333,0.0,0.0,2.317154947916667,30.614876302083335,0.9503346281333468,0.5,287.90625,9.575911458333334,3948.0,0.0,0.0,0.0,79.72701822916666,561.6256184895833,0.04556890880000802,0.5,183.90625,1.1940104166666665,3948.0,0.002734375,0.0,0.0,2.02490234375,37.475390625,0.29057382576662766,0.5,223.94140625,3.732682291666667,3948.0,0.0,0.0,0.0,46.341634114583336,198.60149739583332,0.678962997333332,0.5,185.1484375,4.29375,3948.0,0.01015625,0.0,0.0,22.204557291666667,41.44651692708333,0.03342471196666945,0.5,128.359375,0.00026041666666666666,3948.0,0.0,0.0,0.0,3.896223958333333,9.1080078125,0.09163738603330293,0.5,162.8515625,5.410026041666667,3948.0,0.00013020833333333333,0.0,0.0,4.881315104166666,64.15234375,2026-03-24 14:03:15
0.10175868906666213,0.5,383.94921875,0.008333333333333335,3948.0,0.0,0.0,0.0,6.3550455729166675,66.33701171875002,0.26899522560000266,0.5,277.859375,6.397656250000002,3948.0,0.0,0.0,0.0,11.064095052083335,80.62194010416668,0.13242409706666508,0.5,170.796875,4.821614583333335,3948.0,0.0023437500000000003,0.0,0.0,6.531184895833335,110.47470703125003,0.5000176213333248,0.5,281.4140625,0.02408854166666667,3948.0,0.0,0.0,0.0,23.097037760416672,87.75690104166668,0.03995770880000152,0.5,175.9296875,4.236328125000001,3948.0,0.0,0.0,0.0,1.1853190104166669,14.573307291666671,0.9503346281333468,0.5,287.90625,9.575911458333334,3948.0,0.0,0.0,0.0,79.72701822916666,561.6256184895833,0.03385971200000882,0.5,183.2265625,4.227473958333334,3948.0,0.0,0.0,0.0,2.2403320312500004,40.041699218750004,0.29057382576662766,0.5,223.94140625,3.732682291666667,3948.0,0.0,0.0,0.0,46.341634114583336,198.60149739583332,0.4427755797333324,0.5,182.63671875,4.20859375,3948.0,0.0,0.0,0.0,43.541959635416674,83.03531901041669,0.03342471196666945,0.5,128.359375,0.00026041666666666666,3948.0,0.0,0.0,0.0,3.896223958333333,9.1080078125,0.09163738603330293,0.5,162.8515625,5.410026041666667,3948.0,0.00013020833333333333,0.0,0.0,4.881315104166666,64.15234375,2026-03-24 14:03:20
0.10175868906666213,0.5,383.94921875,0.008333333333333335,3948.0,0.0,0.0,0.0,6.3550455729166675,66.33701171875002,0.26899522560000266,0.5,277.859375,6.397656250000002,3948.0,0.0,0.0,0.0,11.064095052083335,80.62194010416668,0.13242409706666508,0.5,170.796875,4.821614583333335,3948.0,0.0023437500000000003,0.0,0.0,6.531184895833335,110.47470703125003,0.5000176213333248,0.5,281.4140625,0.02408854166666667,3948.0,0.0,0.0,0.0,23.097037760416672,87.75690104166668,0.03995770880000152,0.5,175.9296875,4.236328125000001,3948.0,0.0,0.0,0.0,1.1853190104166669,14.573307291666671,0.9503346281333468,0.5,287.90625,9.575911458333334,3948.0,0.0,0.0,0.0,79.72701822916666,561.6256184895833,0.03385971200000882,0.5,183.2265625,4.227473958333334,3948.0,0.0,0.0,0.0,2.2403320312500004,40.041699218750004,0.29057382576662766,0.5,223.94140625,3.732682291666667,3948.0,0.0,0.0,0.0,46.341634114583336,198.60149739583332,0.4427755797333324,0.5,182.63671875,4.20859375,3948.0,0.0,0.0,0.0,43.541959635416674,83.03531901041669,0.03342471196666945,0.5,128.359375,0.00026041666666666666,3948.0,0.0,0.0,0.0,3.896223958333333,9.1080078125,0.09163738603330293,0.5,162.8515625,5.410026041666667,3948.0,0.00013020833333333333,0.0,0.0,4.881315104166666,64.15234375,2026-03-24 14:03:25
0.10175868906666213,0.5,383.94921875,0.008333333333333335,3948.0,0.0,0.0,0.0,6.3550455729166675,66.33701171875002,0.26899522560000266,0.5,277.859375,6.397656250000002,3948.0,0.0,0.0,0.0,11.064095052083335,80.62194010416668,0.13242409706666508,0.5,170.796875,4.821614583333335,3948.0,0.0023437500000000003,0.0,0.0,6.531184895833335,110.47470703125003,0.5000176213333248,0.5,281.4140625,0.02408854166666667,3948.0,0.0,0.0,0.0,23.097037760416672,87.75690104166668,0.03995770880000152,0.5,175.9296875,4.236328125000001,3948.0,0.0,0.0,0.0,1.1853190104166669,14.573307291666671,0.9503346281333468,0.5,287.90625,9.575911458333334,3948.0,0.0,0.0,0.0,79.72701822916666,561.6256184895833,0.03385971200000882,0.5,183.2265625,4.227473958333334,3948.0,0.0,0.0,0.0,2.2403320312500004,40.041699218750004,0.29057382576662766,0.5,223.94140625,3.732682291666667,3948.0,0.0,0.0,0.0,46.341634114583336,198.60149739583332,0.4427755797333324,0.5,182.63671875,4.20859375,3948.0,0.0,0.0,0.0,43.541959635416674,83.03531901041669,0.03342471196666945,0.5,128.359375,0.00026041666666666666,3948.0,0.0,0.0,0.0,3.896223958333333,9.1080078125,0.09163738603330293,0.5,162.8515625,5.410026041666667,3948.0,0.00013020833333333333,0.0,0.0,4.881315104166666,64.15234375,2026-03-24 14:03:30
0.1017586890666621,0.5,383.94921875,0.008333333333333333,3948.0,0.0,0.0,0.0,6.355045572916667,66.33701171875,0.26899522560000266,0.5,277.859375,6.39765625,3948.0,0.0,0.0,0.0,11.064095052083333,80.62194010416667,0.13242409706666508,0.5,170.796875,4.821614583333333,3948.0,0.00234375,0.0,0.0,6.531184895833333,110.47470703125,0.5000176213333247,0.5,281.4140625,0.024088541666666664,3948.0,0.0,0.0,0.0,23.097037760416665,87.75690104166667,0.03995770880000152,0.5,175.9296875,4.236328125,3948.0,0.0,0.0,0.0,1.1853190104166667,14.573307291666667,0.8628146653999806,0.5,285.00390625,8.158723958333333,3948.0,0.07083333333333333,0.0,0.0,66.5513671875,488.67705078125,0.03385971200000881,0.5,183.2265625,4.227473958333333,3948.0,0.0,0.0,0.0,2.24033203125,40.04169921875,0.48470603560001946,0.5,225.48046875,0.05130208333333333,3948.0,0.0,0.0,0.0,37.712890625,150.34147135416666,0.44277557973333237,0.5,182.63671875,4.20859375,3948.0,0.0,0.0,0.0,43.54195963541667,83.03531901041667,0.029185258733339953,0.5,128.4453125,0.002864583333333333,3948.0,0.0,0.0,0.0,6.4716796875,17.114322916666666,0.06500421920006452,0.5,162.390625,3.3809895833333337,3948.0,0.005989583333333335,0.0,0.0,6.099283854166668,83.01855468750001,2026-03-24 14:03:35
0.1017586890666621,0.5,383.94921875,0.008333333333333333,3948.0,0.0,0.0,0.0,6.355045572916667,66.33701171875,0.26899522560000266,0.5,277.859375,6.39765625,3948.0,0.0,0.0,0.0,11.064095052083333,80.62194010416667,0.13242409706666508,0.5,170.796875,4.821614583333333,3948.0,0.00234375,0.0,0.0,6.531184895833333,110.47470703125,0.5000176213333247,0.5,281.4140625,0.024088541666666664,3948.0,0.0,0.0,0.0,23.097037760416665,87.75690104166667,0.03995770880000152,0.5,175.9296875,4.236328125,3948.0,0.0,0.0,0.0,1.1853190104166667,14.573307291666667,0.8628146653999806,0.5,285.00390625,8.158723958333333,3948.0,0.07083333333333333,0.0,0.0,66.5513671875,488.67705078125,0.03385971200000881,0.5,183.2265625,4.227473958333333,3948.0,0.0,0.0,0.0,2.24033203125,40.04169921875,0.48470603560001946,0.5,225.48046875,0.05130208333333333,3948.0,0.0,0.0,0.0,37.712890625,150.34147135416666,0.44277557973333237,0.5,182.63671875,4.20859375,3948.0,0.0,0.0,0.0,43.54195963541667,83.03531901041667,0.029185258733339953,0.5,128.4453125,0.002864583333333333,3948.0,0.0,0.0,0.0,6.4716796875,17.114322916666666,0.06500421920006451,0.5,162.390625,3.380989583333333,3948.0,0.005989583333333334,0.0,0.0,6.099283854166667,83.0185546875,2026-03-24 14:03:40
0.1017586890666621,0.5,383.94921875,0.008333333333333333,3948.0,0.0,0.0,0.0,6.355045572916667,66.33701171875,0.26899522560000266,0.5,277.859375,6.39765625,3948.0,0.0,0.0,0.0,11.064095052083333,80.62194010416667,0.13242409706666508,0.5,170.796875,4.821614583333333,3948.0,0.00234375,0.0,0.0,6.531184895833333,110.47470703125,0.5000176213333247,0.5,281.4140625,0.024088541666666664,3948.0,0.0,0.0,0.0,23.097037760416665,87.75690104166667,0.03995770880000152,0.5,175.9296875,4.236328125,3948.0,0.0,0.0,0.0,1.1853190104166667,14.573307291666667,0.8628146653999806,0.5,285.00390625,8.158723958333333,3948.0,0.07083333333333333,0.0,0.0,66.5513671875,488.67705078125,0.03385971200000881,0.5,183.2265625,4.227473958333333,3948.0,0.0,0.0,0.0,2.24033203125,40.04169921875,0.48470603560001946,0.5,225.48046875,0.05130208333333333,3948.0,0.0,0.0,0.0,37.712890625,150.34147135416666,0.44277557973333237,0.5,182.63671875,4.20859375,3948.0,0.0,0.0,0.0,43.54195963541667,83.03531901041667,0.029185258733339953,0.5,128.4453125,0.002864583333333333,3948.0,0.0,0.0,0.0,6.4716796875,17.114322916666666,0.06500421920006451,0.5,162.390625,3.380989583333333,3948.0,0.005989583333333334,0.0,0.0,6.099283854166667,83.0185546875,2026-03-24 14:03:45
0.09153632746667315,0.5,384.96484375,0.03385416666666667,3948.0,0.01471354166666667,0.0,0.0,6.3954101562500005,69.04055989583335,0.2432296202666635,0.5,278.19921875,2.858203125,3948.0,0.0,0.0,0.0,14.996907552083337,100.73356119791669,0.1952250954666698,0.5,172.55859375,0.9097656250000002,3948.0,0.00013020833333333336,0.0,0.0,5.6708007812500005,109.88125000000004,0.43649420479995726,0.5,281.13671875,7.143880208333336,3948.0,0.03971354166666667,0.0,0.0,21.897167968750004,86.50234375000001,0.05645047786666549,0.5,175.9765625,0.0015625000000000005,3948.0,0.0,0.0,0.0,2.591536458333334,26.377734375000006,0.8628146653999806,0.5,285.00390625,8.158723958333333,3948.0,0.07083333333333333,0.0,0.0,66.5513671875,488.67705078125,0.04674332266667611,0.5,183.97265625,0.024869791666666672,3948.0,0.002864583333333334,0.0,0.0,2.549283854166667,43.994368489583344,0.48470603560001946,0.5,225.48046875,0.05130208333333333,3948.0,0.0,0.0,0.0,37.712890625,150.34147135416666,0.5607873055999999,0.5,185.8984375,0.10872395833333336,3948.0,0.0,0.0,0.0,37.70953776041667,83.65250651041669,0.029185258733339953,0.5,128.4453125,0.002864583333333333,3948.0,0.0,0.0,0.0,6.4716796875,17.114322916666666,0.06500421920006451,0.5,162.390625,3.380989583333333,3948.0,0.005989583333333334,0.0,0.0,6.099283854166667,83.0185546875,2026-03-24 14:03:50
0.09153632746667315,0.5,384.96484375,0.03385416666666667,3948.0,0.01471354166666667,0.0,0.0,6.3954101562500005,69.04055989583335,0.2432296202666635,0.5,278.19921875,2.858203125,3948.0,0.0,0.0,0.0,14.996907552083337,100.73356119791669,0.1952250954666698,0.5,172.55859375,0.9097656250000002,3948.0,0.00013020833333333336,0.0,0.0,5.6708007812500005,109.88125000000004,0.43649420479995726,0.5,281.13671875,7.143880208333336,3948.0,0.03971354166666667,0.0,0.0,21.897167968750004,86.50234375000001,0.05645047786666549,0.5,175.9765625,0.0015625000000000005,3948.0,0.0,0.0,0.0,2.591536458333334,26.377734375000006,0.8628146653999806,0.5,285.00390625,8.158723958333333,3948.0,0.07083333333333333,0.0,0.0,66.5513671875,488.67705078125,0.04674332266667611,0.5,183.97265625,0.024869791666666672,3948.0,0.002864583333333334,0.0,0.0,2.549283854166667,43.994368489583344,0.48470603560001946,0.5,225.48046875,0.05130208333333333,3948.0,0.0,0.0,0.0,37.712890625,150.34147135416666,0.5607873055999999,0.5,185.8984375,0.10872395833333336,3948.0,0.0,0.0,0.0,37.70953776041667,83.65250651041669,0.029185258733339953,0.5,128.4453125,0.002864583333333333,3948.0,0.0,0.0,0.0,6.4716796875,17.114322916666666,0.06500421920006451,0.5,162.390625,3.380989583333333,3948.0,0.005989583333333334,0.0,0.0,6.099283854166667,83.0185546875,2026-03-24 14:03:55
0.09153632746667315,0.5,384.96484375,0.03385416666666667,3948.0,0.01471354166666667,0.0,0.0,6.3954101562500005,69.04055989583335,0.2432296202666635,0.5,278.19921875,2.858203125,3948.0,0.0,0.0,0.0,14.996907552083337,100.73356119791669,0.1952250954666698,0.5,172.55859375,0.9097656250000002,3948.0,0.00013020833333333336,0.0,0.0,5.6708007812500005,109.88125000000004,0.43649420479995726,0.5,281.13671875,7.143880208333336,3948.0,0.03971354166666667,0.0,0.0,21.897167968750004,86.50234375000001,0.05645047786666549,0.5,175.9765625,0.0015625000000000005,3948.0,0.0,0.0,0.0,2.591536458333334,26.377734375000006,0.8628146653999806,0.5,285.00390625,8.158723958333333,3948.0,0.07083333333333333,0.0,0.0,66.5513671875,488.67705078125,0.04674332266667611,0.5,183.97265625,0.024869791666666672,3948.0,0.002864583333333334,0.0,0.0,2.549283854166667,43.994368489583344,0.48470603560001946,0.5,225.48046875,0.05130208333333333,3948.0,0.0,0.0,0.0,37.712890625,150.34147135416666,0.5607873055999999,0.5,185.8984375,0.10872395833333336,3948.0,0.0,0.0,0.0,37.70953776041667,83.65250651041669,0.029185258733339953,0.5,128.4453125,0.002864583333333333,3948.0,0.0,0.0,0.0,6.4716796875,17.114322916666666,0.06500421920006451,0.5,162.390625,3.380989583333333,3948.0,0.005989583333333334,0.0,0.0,6.099283854166667,83.0185546875,2026-03-24 14:04:00
0.09153632746667313,0.5,384.96484375,0.033854166666666664,3948.0,0.014713541666666666,0.0,0.0,6.39541015625,69.04055989583334,0.24322962026666345,0.5,278.19921875,2.8582031249999997,3948.0,0.0,0.0,0.0,14.996907552083334,100.73356119791667,0.19522509546666977,0.5,172.55859375,0.9097656249999999,3948.0,0.00013020833333333333,0.0,0.0,5.67080078125,109.88125,0.4364942047999572,0.5,281.13671875,7.143880208333334,3948.0,0.039713541666666664,0.0,0.0,21.89716796875,86.50234375,0.056450477866665474,0.5,175.9765625,0.0015625,3948.0,0.0,0.0,0.0,2.591536458333333,26.377734375,1.028668817500011,0.5,280.21875,9.319661458333332,3948.0,0.0,0.0,0.0,41.51455078125,303.64658203125,0.0467433226666761,0.5,183.97265625,0.02486979166666667,3948.0,0.002864583333333333,0.0,0.0,2.5492838541666667,43.99436848958333,0.40398285493332087,0.5,225.1796875,4.834895833333333,3948.0,0.0,0.0,0.0,35.60159505208333,149.82473958333333,0.5607873055999998,0.5,185.8984375,0.10872395833333334,3948.0,0.0,0.0,0.0,37.709537760416666,83.65250651041667,0.03668085699999513,0.5,128.4921875,0.0015625,3948.0,0.00013020833333333333,0.0,0.0,5.26953125,12.163899739583334,0.08100493636664227,0.5,162.67578125,0.009505208333333334,3948.0,0.0,0.0,0.0,4.704134114583335,66.25468750000002,2026-03-24 14:04:05
0.09153632746667313,0.5,384.96484375,0.033854166666666664,3948.0,0.014713541666666666,0.0,0.0,6.39541015625,69.04055989583334,0.24322962026666345,0.5,278.19921875,2.8582031249999997,3948.0,0.0,0.0,0.0,14.996907552083334,100.73356119791667,0.19522509546666977,0.5,172.55859375,0.9097656249999999,3948.0,0.00013020833333333333,0.0,0.0,5.67080078125,109.88125,0.4364942047999572,0.5,281.13671875,7.143880208333334,3948.0,0.039713541666666664,0.0,0.0,21.89716796875,86.50234375,0.056450477866665474,0.5,175.9765625,0.0015625,3948.0,0.0,0.0,0.0,2.591536458333333,26.377734375,1.028668817500011,0.5,280.21875,9.319661458333332,3948.0,0.0,0.0,0.0,41.51455078125,303.64658203125,0.0467433226666761,0.5,183.97265625,0.02486979166666667,3948.0,0.002864583333333333,0.0,0.0,2.5492838541666667,43.99436848958333,0.40398285493332087,0.5,225.1796875,4.834895833333333,3948.0,0.0,0.0,0.0,35.60159505208333,149.82473958333333,0.5607873055999998,0.5,185.8984375,0.10872395833333334,3948.0,0.0,0.0,0.0,37.709537760416666,83.65250651041667,0.03668085699999513,0.5,128.4921875,0.0015625,3948.0,0.00013020833333333333,0.0,0.0,5.26953125,12.163899739583334,0.08100493636664226,0.5,162.67578125,0.009505208333333333,3948.0,0.0,0.0,0.0,4.704134114583334,66.2546875,2026-03-24 14:04:10
0.09153632746667313,0.5,384.96484375,0.033854166666666664,3948.0,0.014713541666666666,0.0,0.0,6.39541015625,69.04055989583334,0.24322962026666345,0.5,278.19921875,2.8582031249999997,3948.0,0.0,0.0,0.0,14.996907552083334,100.73356119791667,0.19522509546666977,0.5,172.55859375,0.9097656249999999,3948.0,0.00013020833333333333,0.0,0.0,5.67080078125,109.88125,0.4364942047999572,0.5,281.13671875,7.143880208333334,3948.0,0.039713541666666664,0.0,0.0,21.89716796875,86.50234375,0.056450477866665474,0.5,175.9765625,0.0015625,3948.0,0.0,0.0,0.0,2.591536458333333,26.377734375,1.028668817500011,0.5,280.21875,9.319661458333332,3948.0,0.0,0.0,0.0,41.51455078125,303.64658203125,0.0467433226666761,0.5,183.97265625,0.02486979166666667,3948.0,0.002864583333333333,0.0,0.0,2.5492838541666667,43.99436848958333,0.40398285493332087,0.5,225.1796875,4.834895833333333,3948.0,0.0,0.0,0.0,35.60159505208333,149.82473958333333,0.5607873055999998,0.5,185.8984375,0.10872395833333334,3948.0,0.0,0.0,0.0,37.709537760416666,83.65250651041667,0.03668085699999513,0.5,128.4921875,0.0015625,3948.0,0.00013020833333333333,0.0,0.0,5.26953125,12.163899739583334,0.08100493636664226,0.5,162.67578125,0.009505208333333333,3948.0,0.0,0.0,0.0,4.704134114583334,66.2546875,2026-03-24 14:04:15
0.07662756053333247,0.5,385.0,0.0011718750000000002,3948.0,0.0,0.0,0.0,6.447591145833335,82.65771484375001,0.22055920213333408,0.5,278.7265625,0.017578125000000003,3948.0,0.006901041666666668,0.0,0.0,10.779264322916669,80.20231119791669,0.093431396266665,0.5,170.49609375,4.816536458333334,3948.0,0.0024739583333333337,0.0,0.0,5.902994791666668,108.4554361979167,0.668610132266694,0.5,281.234375,2.4606770833333336,3948.0,0.0,0.0,0.0,21.13053385416667,84.05058593750002,0.05261480426666766,0.5,175.9296875,4.236328125000001,3948.0,0.0009114583333333336,0.0,0.0,2.264095052083334,25.813964843750007,1.028668817500011,0.5,280.21875,9.319661458333332,3948.0,0.0,0.0,0.0,41.51455078125,303.64658203125,0.035038800000044536,0.5,183.9609375,3.075130208333334,3948.0,0.0,0.0,0.0,1.5998372395833336,29.03050130208334,0.40398285493332087,0.5,225.1796875,4.834895833333333,3948.0,0.0,0.0,0.0,35.60159505208333,149.82473958333333,0.3945640469333361,0.5,185.9453125,1.1936197916666669,3948.0,0.010416666666666668,0.0,0.0,20.061881510416672,37.75188802083334,0.03668085699999513,0.5,128.4921875,0.0015625,3948.0,0.00013020833333333333,0.0,0.0,5.26953125,12.163899739583334,0.08100493636664226,0.5,162.67578125,0.009505208333333333,3948.0,0.0,0.0,0.0,4.704134114583334,66.2546875,2026-03-24 14:04:20
0.07662756053333247,0.5,385.0,0.0011718750000000002,3948.0,0.0,0.0,0.0,6.447591145833335,82.65771484375001,0.22055920213333408,0.5,278.7265625,0.017578125000000003,3948.0,0.006901041666666668,0.0,0.0,10.779264322916669,80.20231119791669,0.093431396266665,0.5,170.49609375,4.816536458333334,3948.0,0.0024739583333333337,0.0,0.0,5.902994791666668,108.4554361979167,0.668610132266694,0.5,281.234375,2.4606770833333336,3948.0,0.0,0.0,0.0,21.13053385416667,84.05058593750002,0.05261480426666766,0.5,175.9296875,4.236328125000001,3948.0,0.0009114583333333336,0.0,0.0,2.264095052083334,25.813964843750007,1.028668817500011,0.5,280.21875,9.319661458333332,3948.0,0.0,0.0,0.0,41.51455078125,303.64658203125,0.035038800000044536,0.5,183.9609375,3.075130208333334,3948.0,0.0,0.0,0.0,1.5998372395833336,29.03050130208334,0.40398285493332087,0.5,225.1796875,4.834895833333333,3948.0,0.0,0.0,0.0,35.60159505208333,149.82473958333333,0.3945640469333361,0.5,185.9453125,1.1936197916666669,3948.0,0.010416666666666668,0.0,0.0,20.061881510416672,37.75188802083334,0.03668085699999513,0.5,128.4921875,0.0015625,3948.0,0.00013020833333333333,0.0,0.0,5.26953125,12.163899739583334,0.08100493636664226,0.5,162.67578125,0.009505208333333333,3948.0,0.0,0.0,0.0,4.704134114583334,66.2546875,2026-03-24 14:04:25
0.07662756053333247,0.5,385.0,0.0011718750000000002,3948.0,0.0,0.0,0.0,6.447591145833335,82.65771484375001,0.22055920213333408,0.5,278.7265625,0.017578125000000003,3948.0,0.006901041666666668,0.0,0.0,10.779264322916669,80.20231119791669,0.093431396266665,0.5,170.49609375,4.816536458333334,3948.0,0.0024739583333333337,0.0,0.0,5.902994791666668,108.4554361979167,0.668610132266694,0.5,281.234375,2.4606770833333336,3948.0,0.0,0.0,0.0,21.13053385416667,84.05058593750002,0.05261480426666766,0.5,175.9296875,4.236328125000001,3948.0,0.0009114583333333336,0.0,0.0,2.264095052083334,25.813964843750007,1.028668817500011,0.5,280.21875,9.319661458333332,3948.0,0.0,0.0,0.0,41.51455078125,303.64658203125,0.035038800000044536,0.5,183.9609375,3.075130208333334,3948.0,0.0,0.0,0.0,1.5998372395833336,29.03050130208334,0.40398285493332087,0.5,225.1796875,4.834895833333333,3948.0,0.0,0.0,0.0,35.60159505208333,149.82473958333333,0.3945640469333361,0.5,185.9453125,1.1936197916666669,3948.0,0.010416666666666668,0.0,0.0,20.061881510416672,37.75188802083334,0.03668085699999513,0.5,128.4921875,0.0015625,3948.0,0.00013020833333333333,0.0,0.0,5.26953125,12.163899739583334,0.08100493636664226,0.5,162.67578125,0.009505208333333333,3948.0,0.0,0.0,0.0,4.704134114583334,66.2546875,2026-03-24 14:04:30
0.07662756053333244,0.5,385.0,0.001171875,3948.0,0.0,0.0,0.0,6.447591145833333,82.65771484375,0.22055920213333405,0.5,278.7265625,0.017578125,3948.0,0.0069010416666666664,0.0,0.0,10.779264322916667,80.20231119791667,0.093431396266665,0.5,170.49609375,4.816536458333333,3948.0,0.0024739583333333332,0.0,0.0,5.902994791666667,108.45543619791667,0.6686101322666937,0.5,281.234375,2.460677083333333,3948.0,0.0,0.0,0.0,21.130533854166668,84.0505859375,0.05261480426666765,0.5,175.9296875,4.236328125,3948.0,0.0009114583333333333,0.0,0.0,2.2640950520833334,25.81396484375,0.7725839458000072,0.5,288.5703125,0.27838541666666666,3948.0,0.07278645833333333,0.0,0.0,86.14420572916667,604.3153971354167,0.03503880000004453,0.5,183.9609375,3.0751302083333334,3948.0,0.0,0.0,0.0,1.5998372395833333,29.030501302083334,0.422904928066644,0.5,224.3515625,6.3765625,3948.0,0.0,0.0,0.0,36.96399739583333,156.19016927083334,0.394564046933336,0.5,185.9453125,1.1936197916666667,3948.0,0.010416666666666666,0.0,0.0,20.061881510416665,37.751888020833334,0.04020160000000032,0.5,128.4921875,0.0,3948.0,0.0,0.0,0.0,4.4919921875,12.432877604166666,0.09958217190002758,0.5,162.6875,0.6802083333333334,3948.0,0.0061197916666666675,0.0,0.0,10.750976562500002,70.39563802083335,2026-03-24 14:04:35
0.07662756053333244,0.5,385.0,0.001171875,3948.0,0.0,0.0,0.0,6.447591145833333,82.65771484375,0.22055920213333405,0.5,278.7265625,0.017578125,3948.0,0.0069010416666666664,0.0,0.0,10.779264322916667,80.20231119791667,0.093431396266665,0.5,170.49609375,4.816536458333333,3948.0,0.0024739583333333332,0.0,0.0,5.902994791666667,108.45543619791667,0.6686101322666937,0.5,281.234375,2.460677083333333,3948.0,0.0,0.0,0.0,21.130533854166668,84.0505859375,0.05261480426666765,0.5,175.9296875,4.236328125,3948.0,0.0009114583333333333,0.0,0.0,2.2640950520833334,25.81396484375,0.7725839458000072,0.5,288.5703125,0.27838541666666666,3948.0,0.07278645833333333,0.0,0.0,86.14420572916667,604.3153971354167,0.03503880000004453,0.5,183.9609375,3.0751302083333334,3948.0,0.0,0.0,0.0,1.5998372395833333,29.030501302083334,0.422904928066644,0.5,224.3515625,6.3765625,3948.0,0.0,0.0,0.0,36.96399739583333,156.19016927083334,0.394564046933336,0.5,185.9453125,1.1936197916666667,3948.0,0.010416666666666666,0.0,0.0,20.061881510416665,37.751888020833334,0.04020160000000032,0.5,128.4921875,0.0,3948.0,0.0,0.0,0.0,4.4919921875,12.432877604166666,0.09958217190002756,0.5,162.6875,0.6802083333333333,3948.0,0.006119791666666667,0.0,0.0,10.7509765625,70.39563802083333,2026-03-24 14:04:40
0.07662756053333244,0.5,385.0,0.001171875,3948.0,0.0,0.0,0.0,6.447591145833333,82.65771484375,0.22055920213333405,0.5,278.7265625,0.017578125,3948.0,0.0069010416666666664,0.0,0.0,10.779264322916667,80.20231119791667,0.093431396266665,0.5,170.49609375,4.816536458333333,3948.0,0.0024739583333333332,0.0,0.0,5.902994791666667,108.45543619791667,0.6686101322666937,0.5,281.234375,2.460677083333333,3948.0,0.0,0.0,0.0,21.130533854166668,84.0505859375,0.05261480426666765,0.5,175.9296875,4.236328125,3948.0,0.0009114583333333333,0.0,0.0,2.2640950520833334,25.81396484375,0.7725839458000072,0.5,288.5703125,0.27838541666666666,3948.0,0.07278645833333333,0.0,0.0,86.14420572916667,604.3153971354167,0.03503880000004453,0.5,183.9609375,3.0751302083333334,3948.0,0.0,0.0,0.0,1.5998372395833333,29.030501302083334,0.422904928066644,0.5,224.3515625,6.3765625,3948.0,0.0,0.0,0.0,36.96399739583333,156.19016927083334,0.394564046933336,0.5,185.9453125,1.1936197916666667,3948.0,0.010416666666666666,0.0,0.0,20.061881510416665,37.751888020833334,0.04020160000000032,0.5,128.4921875,0.0,3948.0,0.0,0.0,0.0,4.4919921875,12.432877604166666,0.09958217190002756,0.5,162.6875,0.6802083333333333,3948.0,0.006119791666666667,0.0,0.0,10.7509765625,70.39563802083333,2026-03-24 14:04:45
0.10741609386666372,0.5,384.30078125,8.359244791666669,3948.0,0.011328125000000001,0.0,0.0,6.824186197916669,82.60839843750001,0.20160240213333325,0.5,280.47265625,0.05820312500000001,3948.0,0.006640625000000002,0.0,0.0,13.249218750000004,97.90292968750002,0.24342591573333278,0.5,164.078125,4.599869791666667,3948.0,0.0024739583333333337,0.0,0.0,7.9829427083333355,137.76214192708338,0.36496190506668813,0.5,280.6484375,7.123177083333335,3948.0,0.03971354166666667,0.0,0.0,27.395507812500007,109.67910156250004,0.05643652373333151,0.5,176.3515625,0.014062500000000006,3948.0,0.0,0.0,0.0,1.9131184895833337,22.17330729166667,0.7725839458000072,0.5,288.5703125,0.27838541666666666,3948.0,0.07278645833333333,0.0,0.0,86.14420572916667,604.3153971354167,0.042667156266638064,0.5,184.609375,0.021614583333333336,3948.0,0.003125000000000001,0.0,0.0,2.4775716145833337,46.26595052083334,0.422904928066644,0.5,224.3515625,6.3765625,3948.0,0.0,0.0,0.0,36.96399739583333,156.19016927083334,0.48629671039999883,0.5,184.0625,4.232421875000001,3948.0,0.0,0.0,0.0,35.65406901041668,72.11617838541669,0.04020160000000032,0.5,128.4921875,0.0,3948.0,0.0,0.0,0.0,4.4919921875,12.432877604166666,0.09958217190002756,0.5,162.6875,0.6802083333333333,3948.0,0.006119791666666667,0.0,0.0,10.7509765625,70.39563802083333,2026-03-24 14:04:50
0.10741609386666372,0.5,384.30078125,8.359244791666669,3948.0,0.011328125000000001,0.0,0.0,6.824186197916669,82.60839843750001,0.20160240213333325,0.5,280.47265625,0.05820312500000001,3948.0,0.006640625000000002,0.0,0.0,13.249218750000004,97.90292968750002,0.24342591573333278,0.5,164.078125,4.599869791666667,3948.0,0.0024739583333333337,0.0,0.0,7.9829427083333355,137.76214192708338,0.36496190506668813,0.5,280.6484375,7.123177083333335,3948.0,0.03971354166666667,0.0,0.0,27.395507812500007,109.67910156250004,0.05643652373333151,0.5,176.3515625,0.014062500000000006,3948.0,0.0,0.0,0.0,1.9131184895833337,22.17330729166667,0.7725839458000072,0.5,288.5703125,0.27838541666666666,3948.0,0.07278645833333333,0.0,0.0,86.14420572916667,604.3153971354167,0.042667156266638064,0.5,184.609375,0.021614583333333336,3948.0,0.003125000000000001,0.0,0.0,2.4775716145833337,46.26595052083334,0.422904928066644,0.5,224.3515625,6.3765625,3948.0,0.0,0.0,0.0,36.96399739583333,156.19016927083334,0.48629671039999883,0.5,184.0625,4.232421875000001,3948.0,0.0,0.0,0.0,35.65406901041668,72.11617838541669,0.04020160000000032,0.5,128.4921875,0.0,3948.0,0.0,0.0,0.0,4.4919921875,12.432877604166666,0.09958217190002756,0.5,162.6875,0.6802083333333333,3948.0,0.006119791666666667,0.0,0.0,10.7509765625,70.39563802083333,2026-03-24 14:04:55
0.10741609386666372,0.5,384.30078125,8.359244791666669,3948.0,0.011328125000000001,0.0,0.0,6.824186197916669,82.60839843750001,0.20160240213333325,0.5,280.47265625,0.05820312500000001,3948.0,0.006640625000000002,0.0,0.0,13.249218750000004,97.90292968750002,0.24342591573333278,0.5,164.078125,4.599869791666667,3948.0,0.0024739583333333337,0.0,0.0,7.9829427083333355,137.76214192708338,0.36496190506668813,0.5,280.6484375,7.123177083333335,3948.0,0.03971354166666667,0.0,0.0,27.395507812500007,109.67910156250004,0.05643652373333151,0.5,176.3515625,0.014062500000000006,3948.0,0.0,0.0,0.0,1.9131184895833337,22.17330729166667,0.7725839458000072,0.5,288.5703125,0.27838541666666666,3948.0,0.07278645833333333,0.0,0.0,86.14420572916667,604.3153971354167,0.042667156266638064,0.5,184.609375,0.021614583333333336,3948.0,0.003125000000000001,0.0,0.0,2.4775716145833337,46.26595052083334,0.422904928066644,0.5,224.3515625,6.3765625,3948.0,0.0,0.0,0.0,36.96399739583333,156.19016927083334,0.48629671039999883,0.5,184.0625,4.232421875000001,3948.0,0.0,0.0,0.0,35.65406901041668,72.11617838541669,0.04020160000000032,0.5,128.4921875,0.0,3948.0,0.0,0.0,0.0,4.4919921875,12.432877604166666,0.09958217190002756,0.5,162.6875,0.6802083333333333,3948.0,0.006119791666666667,0.0,0.0,10.7509765625,70.39563802083333,2026-03-24 14:05:00
