source,destination,timestamp
frontend,adservice,2026-03-24 09:27:00
currencyservice-76f5d795cc-8c7mz,node-227,2026-03-24 09:27:00
checkoutservice,currencyservice,2026-03-24 09:27:00
frontend,productcatalogservice,2026-03-24 09:27:00
frontend,shippingservice,2026-03-24 09:27:00
checkoutservice,shippingservice,2026-03-24 09:27:00
frontend,checkoutservice,2026-03-24 09:27:00
emailservice-59c9565948-8g9bx,node-227,2026-03-24 09:27:00
checkoutservice,productcatalogservice,2026-03-24 09:27:00
shippingservice-f899f4b4c-wc9v4,node-221,2026-03-24 09:27:00
redis-cart-58fbf7f7c6-k7fnt,node-5,2026-03-24 09:27:00
recommendationservice,productcatalogservice,2026-03-24 09:27:00
productcatalogservice-596d5c8f9f-gkz8l,node-219,2026-03-24 09:27:00
frontend,cartservice,2026-03-24 09:27:00
checkoutservice,paymentservice,2026-03-24 09:27:00
frontend,currencyservice,2026-03-24 09:27:00
frontend,recommendationservice,2026-03-24 09:27:00
frontend-77cd85d5b4-qvc6w,node-5,2026-03-24 09:27:00
cartservice-7d5b58b444-hx8vh,node-227,2026-03-24 09:27:00
checkoutservice,emailservice,2026-03-24 09:27:00
checkoutservice-7b67c7c4c8-stjfw,node-227,2026-03-24 09:27:00
recommendationservice-5c8d676599-v4qcr,node-227,2026-03-24 09:27:00
checkoutservice,cartservice,2026-03-24 09:27:00
adservice-b87685d75-vbkk7,node-227,2026-03-24 09:27:00
paymentservice-54569c46cc-gpfvj,node-227,2026-03-24 09:27:00
redis-cart-58fbf7f7c6-k7fnt,node-5,2026-03-24 09:27:05
emailservice-59c9565948-8g9bx,node-227,2026-03-24 09:27:05
checkoutservice,cartservice,2026-03-24 09:27:05
frontend,checkoutservice,2026-03-24 09:27:05
paymentservice-54569c46cc-gpfvj,node-227,2026-03-24 09:27:05
recommendationservice,productcatalogservice,2026-03-24 09:27:05
frontend,productcatalogservice,2026-03-24 09:27:05
frontend-77cd85d5b4-qvc6w,node-5,2026-03-24 09:27:05
frontend,cartservice,2026-03-24 09:27:05
recommendationservice-5c8d676599-v4qcr,node-227,2026-03-24 09:27:05
productcatalogservice-596d5c8f9f-gkz8l,node-219,2026-03-24 09:27:05
currencyservice-76f5d795cc-8c7mz,node-227,2026-03-24 09:27:05
checkoutservice,productcatalogservice,2026-03-24 09:27:05
adservice-b87685d75-vbkk7,node-227,2026-03-24 09:27:05
checkoutservice,paymentservice,2026-03-24 09:27:05
shippingservice-f899f4b4c-wc9v4,node-221,2026-03-24 09:27:05
checkoutservice,emailservice,2026-03-24 09:27:05
checkoutservice-7b67c7c4c8-stjfw,node-227,2026-03-24 09:27:05
cartservice-7d5b58b444-hx8vh,node-227,2026-03-24 09:27:05
frontend,currencyservice,2026-03-24 09:27:05
frontend,adservice,2026-03-24 09:27:05
frontend,shippingservice,2026-03-24 09:27:05
checkoutservice,currencyservice,2026-03-24 09:27:05
frontend,recommendationservice,2026-03-24 09:27:05
checkoutservice,shippingservice,2026-03-24 09:27:05
frontend-77cd85d5b4-qvc6w,node-5,2026-03-24 09:27:10
cartservice-7d5b58b444-hx8vh,node-227,2026-03-24 09:27:10
checkoutservice,emailservice,2026-03-24 09:27:10
adservice-b87685d75-vbkk7,node-227,2026-03-24 09:27:10
paymentservice-54569c46cc-gpfvj,node-227,2026-03-24 09:27:10
frontend,currencyservice,2026-03-24 09:27:10
currencyservice-76f5d795cc-8c7mz,node-227,2026-03-24 09:27:10
recommendationservice,productcatalogservice,2026-03-24 09:27:10
frontend,cartservice,2026-03-24 09:27:10
productcatalogservice-596d5c8f9f-gkz8l,node-219,2026-03-24 09:27:10
checkoutservice,paymentservice,2026-03-24 09:27:10
shippingservice-f899f4b4c-wc9v4,node-221,2026-03-24 09:27:10
redis-cart-58fbf7f7c6-k7fnt,node-5,2026-03-24 09:27:10
checkoutservice,productcatalogservice,2026-03-24 09:27:10
checkoutservice,currencyservice,2026-03-24 09:27:10
frontend,checkoutservice,2026-03-24 09:27:10
frontend,productcatalogservice,2026-03-24 09:27:10
checkoutservice-7b67c7c4c8-stjfw,node-227,2026-03-24 09:27:10
frontend,recommendationservice,2026-03-24 09:27:10
emailservice-59c9565948-8g9bx,node-227,2026-03-24 09:27:10
checkoutservice,cartservice,2026-03-24 09:27:10
recommendationservice-5c8d676599-v4qcr,node-227,2026-03-24 09:27:10
checkoutservice,shippingservice,2026-03-24 09:27:10
frontend,shippingservice,2026-03-24 09:27:10
frontend,adservice,2026-03-24 09:27:10
frontend,currencyservice,2026-03-24 09:27:15
frontend,productcatalogservice,2026-03-24 09:27:15
checkoutservice,shippingservice,2026-03-24 09:27:15
recommendationservice,productcatalogservice,2026-03-24 09:27:15
productcatalogservice-596d5c8f9f-gkz8l,node-219,2026-03-24 09:27:15
currencyservice-76f5d795cc-8c7mz,node-227,2026-03-24 09:27:15
frontend,cartservice,2026-03-24 09:27:15
frontend-77cd85d5b4-qvc6w,node-5,2026-03-24 09:27:15
emailservice-59c9565948-8g9bx,node-227,2026-03-24 09:27:15
recommendationservice-5c8d676599-v4qcr,node-227,2026-03-24 09:27:15
frontend,shippingservice,2026-03-24 09:27:15
paymentservice-54569c46cc-gpfvj,node-227,2026-03-24 09:27:15
checkoutservice,emailservice,2026-03-24 09:27:15
adservice-b87685d75-vbkk7,node-227,2026-03-24 09:27:15
redis-cart-58fbf7f7c6-k7fnt,node-5,2026-03-24 09:27:15
checkoutservice,currencyservice,2026-03-24 09:27:15
shippingservice-f899f4b4c-wc9v4,node-221,2026-03-24 09:27:15
checkoutservice-7b67c7c4c8-stjfw,node-227,2026-03-24 09:27:15
frontend,checkoutservice,2026-03-24 09:27:15
frontend,recommendationservice,2026-03-24 09:27:15
cartservice-7d5b58b444-hx8vh,node-227,2026-03-24 09:27:15
frontend,adservice,2026-03-24 09:27:15
checkoutservice,paymentservice,2026-03-24 09:27:15
checkoutservice,cartservice,2026-03-24 09:27:15
checkoutservice,productcatalogservice,2026-03-24 09:27:15
emailservice-59c9565948-8g9bx,node-227,2026-03-24 09:27:20
shippingservice-f899f4b4c-wc9v4,node-221,2026-03-24 09:27:20
recommendationservice-5c8d676599-v4qcr,node-227,2026-03-24 09:27:20
redis-cart-58fbf7f7c6-k7fnt,node-5,2026-03-24 09:27:20
frontend,checkoutservice,2026-03-24 09:27:20
checkoutservice,paymentservice,2026-03-24 09:27:20
checkoutservice,shippingservice,2026-03-24 09:27:20
recommendationservice,productcatalogservice,2026-03-24 09:27:20
checkoutservice-7b67c7c4c8-stjfw,node-227,2026-03-24 09:27:20
frontend,currencyservice,2026-03-24 09:27:20
frontend,productcatalogservice,2026-03-24 09:27:20
paymentservice-54569c46cc-gpfvj,node-227,2026-03-24 09:27:20
frontend,cartservice,2026-03-24 09:27:20
productcatalogservice-596d5c8f9f-gkz8l,node-219,2026-03-24 09:27:20
cartservice-7d5b58b444-hx8vh,node-227,2026-03-24 09:27:20
frontend,recommendationservice,2026-03-24 09:27:20
adservice-b87685d75-vbkk7,node-227,2026-03-24 09:27:20
checkoutservice,currencyservice,2026-03-24 09:27:20
frontend-77cd85d5b4-qvc6w,node-5,2026-03-24 09:27:20
frontend,shippingservice,2026-03-24 09:27:20
currencyservice-76f5d795cc-8c7mz,node-227,2026-03-24 09:27:20
checkoutservice,productcatalogservice,2026-03-24 09:27:20
checkoutservice,emailservice,2026-03-24 09:27:20
checkoutservice,cartservice,2026-03-24 09:27:20
frontend,adservice,2026-03-24 09:27:20
frontend,currencyservice,2026-03-24 09:27:25
redis-cart-58fbf7f7c6-k7fnt,node-5,2026-03-24 09:27:25
checkoutservice,cartservice,2026-03-24 09:27:25
frontend,productcatalogservice,2026-03-24 09:27:25
frontend-77cd85d5b4-qvc6w,node-5,2026-03-24 09:27:25
checkoutservice-7b67c7c4c8-stjfw,node-227,2026-03-24 09:27:25
checkoutservice,shippingservice,2026-03-24 09:27:25
frontend,recommendationservice,2026-03-24 09:27:25
checkoutservice,paymentservice,2026-03-24 09:27:25
frontend,checkoutservice,2026-03-24 09:27:25
currencyservice-76f5d795cc-8c7mz,node-227,2026-03-24 09:27:25
shippingservice-f899f4b4c-wc9v4,node-221,2026-03-24 09:27:25
emailservice-59c9565948-8g9bx,node-227,2026-03-24 09:27:25
checkoutservice,productcatalogservice,2026-03-24 09:27:25
frontend,adservice,2026-03-24 09:27:25
cartservice-7d5b58b444-hx8vh,node-227,2026-03-24 09:27:25
recommendationservice-5c8d676599-v4qcr,node-227,2026-03-24 09:27:25
paymentservice-54569c46cc-gpfvj,node-227,2026-03-24 09:27:25
frontend,cartservice,2026-03-24 09:27:25
checkoutservice,currencyservice,2026-03-24 09:27:25
adservice-b87685d75-vbkk7,node-227,2026-03-24 09:27:25
productcatalogservice-596d5c8f9f-gkz8l,node-219,2026-03-24 09:27:25
frontend,shippingservice,2026-03-24 09:27:25
recommendationservice,productcatalogservice,2026-03-24 09:27:25
checkoutservice,emailservice,2026-03-24 09:27:25
frontend,recommendationservice,2026-03-24 09:27:30
checkoutservice,paymentservice,2026-03-24 09:27:30
frontend,checkoutservice,2026-03-24 09:27:30
frontend,productcatalogservice,2026-03-24 09:27:30
recommendationservice,productcatalogservice,2026-03-24 09:27:30
adservice-b87685d75-vbkk7,node-227,2026-03-24 09:27:30
currencyservice-76f5d795cc-8c7mz,node-227,2026-03-24 09:27:30
shippingservice-f899f4b4c-wc9v4,node-221,2026-03-24 09:27:30
emailservice-59c9565948-8g9bx,node-227,2026-03-24 09:27:30
cartservice-7d5b58b444-hx8vh,node-227,2026-03-24 09:27:30
recommendationservice-5c8d676599-v4qcr,node-227,2026-03-24 09:27:30
frontend,shippingservice,2026-03-24 09:27:30
checkoutservice,shippingservice,2026-03-24 09:27:30
checkoutservice,emailservice,2026-03-24 09:27:30
checkoutservice,productcatalogservice,2026-03-24 09:27:30
frontend,currencyservice,2026-03-24 09:27:30
frontend-77cd85d5b4-qvc6w,node-5,2026-03-24 09:27:30
frontend,adservice,2026-03-24 09:27:30
redis-cart-58fbf7f7c6-k7fnt,node-5,2026-03-24 09:27:30
productcatalogservice-596d5c8f9f-gkz8l,node-219,2026-03-24 09:27:30
checkoutservice,cartservice,2026-03-24 09:27:30
checkoutservice,currencyservice,2026-03-24 09:27:30
frontend,cartservice,2026-03-24 09:27:30
checkoutservice-7b67c7c4c8-stjfw,node-227,2026-03-24 09:27:30
paymentservice-54569c46cc-gpfvj,node-227,2026-03-24 09:27:30
checkoutservice,shippingservice,2026-03-24 09:27:35
frontend,shippingservice,2026-03-24 09:27:35
frontend,checkoutservice,2026-03-24 09:27:35
checkoutservice,currencyservice,2026-03-24 09:27:35
checkoutservice,productcatalogservice,2026-03-24 09:27:35
productcatalogservice-596d5c8f9f-gkz8l,node-219,2026-03-24 09:27:35
redis-cart-58fbf7f7c6-k7fnt,node-5,2026-03-24 09:27:35
emailservice-59c9565948-8g9bx,node-227,2026-03-24 09:27:35
frontend,currencyservice,2026-03-24 09:27:35
currencyservice-76f5d795cc-8c7mz,node-227,2026-03-24 09:27:35
recommendationservice,productcatalogservice,2026-03-24 09:27:35
checkoutservice-7b67c7c4c8-stjfw,node-227,2026-03-24 09:27:35
shippingservice-f899f4b4c-wc9v4,node-221,2026-03-24 09:27:35
checkoutservice,emailservice,2026-03-24 09:27:35
frontend,adservice,2026-03-24 09:27:35
paymentservice-54569c46cc-gpfvj,node-227,2026-03-24 09:27:35
recommendationservice-5c8d676599-v4qcr,node-227,2026-03-24 09:27:35
frontend-77cd85d5b4-qvc6w,node-5,2026-03-24 09:27:35
frontend,productcatalogservice,2026-03-24 09:27:35
checkoutservice,paymentservice,2026-03-24 09:27:35
checkoutservice,cartservice,2026-03-24 09:27:35
frontend,recommendationservice,2026-03-24 09:27:35
frontend,cartservice,2026-03-24 09:27:35
cartservice-7d5b58b444-hx8vh,node-227,2026-03-24 09:27:35
adservice-b87685d75-vbkk7,node-227,2026-03-24 09:27:35
productcatalogservice-596d5c8f9f-gkz8l,node-219,2026-03-24 09:27:40
checkoutservice,cartservice,2026-03-24 09:27:40
checkoutservice,emailservice,2026-03-24 09:27:40
adservice-b87685d75-vbkk7,node-227,2026-03-24 09:27:40
checkoutservice,productcatalogservice,2026-03-24 09:27:40
frontend-77cd85d5b4-qvc6w,node-5,2026-03-24 09:27:40
frontend,recommendationservice,2026-03-24 09:27:40
cartservice-7d5b58b444-hx8vh,node-227,2026-03-24 09:27:40
paymentservice-54569c46cc-gpfvj,node-227,2026-03-24 09:27:40
frontend,cartservice,2026-03-24 09:27:40
currencyservice-76f5d795cc-8c7mz,node-227,2026-03-24 09:27:40
shippingservice-f899f4b4c-wc9v4,node-221,2026-03-24 09:27:40
frontend,checkoutservice,2026-03-24 09:27:40
checkoutservice,shippingservice,2026-03-24 09:27:40
frontend,adservice,2026-03-24 09:27:40
checkoutservice-7b67c7c4c8-stjfw,node-227,2026-03-24 09:27:40
frontend,productcatalogservice,2026-03-24 09:27:40
redis-cart-58fbf7f7c6-k7fnt,node-5,2026-03-24 09:27:40
checkoutservice,paymentservice,2026-03-24 09:27:40
emailservice-59c9565948-8g9bx,node-227,2026-03-24 09:27:40
checkoutservice,currencyservice,2026-03-24 09:27:40
frontend,shippingservice,2026-03-24 09:27:40
recommendationservice,productcatalogservice,2026-03-24 09:27:40
frontend,currencyservice,2026-03-24 09:27:40
recommendationservice-5c8d676599-v4qcr,node-227,2026-03-24 09:27:40
cartservice-7d5b58b444-hx8vh,node-227,2026-03-24 09:27:45
shippingservice-f899f4b4c-wc9v4,node-221,2026-03-24 09:27:45
frontend,currencyservice,2026-03-24 09:27:45
checkoutservice-7b67c7c4c8-stjfw,node-227,2026-03-24 09:27:45
checkoutservice,shippingservice,2026-03-24 09:27:45
checkoutservice,emailservice,2026-03-24 09:27:45
adservice-b87685d75-vbkk7,node-227,2026-03-24 09:27:45
checkoutservice,currencyservice,2026-03-24 09:27:45
checkoutservice,paymentservice,2026-03-24 09:27:45
frontend,adservice,2026-03-24 09:27:45
checkoutservice,cartservice,2026-03-24 09:27:45
frontend-77cd85d5b4-qvc6w,node-5,2026-03-24 09:27:45
productcatalogservice-596d5c8f9f-gkz8l,node-219,2026-03-24 09:27:45
currencyservice-76f5d795cc-8c7mz,node-227,2026-03-24 09:27:45
frontend,checkoutservice,2026-03-24 09:27:45
redis-cart-58fbf7f7c6-k7fnt,node-5,2026-03-24 09:27:45
frontend,shippingservice,2026-03-24 09:27:45
frontend,cartservice,2026-03-24 09:27:45
paymentservice-54569c46cc-gpfvj,node-227,2026-03-24 09:27:45
frontend,recommendationservice,2026-03-24 09:27:45
checkoutservice,productcatalogservice,2026-03-24 09:27:45
recommendationservice-5c8d676599-v4qcr,node-227,2026-03-24 09:27:45
recommendationservice,productcatalogservice,2026-03-24 09:27:45
frontend,productcatalogservice,2026-03-24 09:27:45
emailservice-59c9565948-8g9bx,node-227,2026-03-24 09:27:45
recommendationservice,productcatalogservice,2026-03-24 09:27:50
checkoutservice,emailservice,2026-03-24 09:27:50
frontend,cartservice,2026-03-24 09:27:50
shippingservice-f899f4b4c-wc9v4,node-221,2026-03-24 09:27:50
checkoutservice,shippingservice,2026-03-24 09:27:50
paymentservice-54569c46cc-gpfvj,node-227,2026-03-24 09:27:50
frontend,productcatalogservice,2026-03-24 09:27:50
adservice-b87685d75-vbkk7,node-227,2026-03-24 09:27:50
emailservice-59c9565948-8g9bx,node-227,2026-03-24 09:27:50
frontend,checkoutservice,2026-03-24 09:27:50
currencyservice-76f5d795cc-8c7mz,node-227,2026-03-24 09:27:50
frontend-77cd85d5b4-qvc6w,node-5,2026-03-24 09:27:50
checkoutservice,paymentservice,2026-03-24 09:27:50
frontend,recommendationservice,2026-03-24 09:27:50
recommendationservice-5c8d676599-v4qcr,node-227,2026-03-24 09:27:50
checkoutservice,cartservice,2026-03-24 09:27:50
checkoutservice,currencyservice,2026-03-24 09:27:50
frontend,adservice,2026-03-24 09:27:50
frontend,shippingservice,2026-03-24 09:27:50
productcatalogservice-596d5c8f9f-gkz8l,node-219,2026-03-24 09:27:50
checkoutservice-7b67c7c4c8-stjfw,node-227,2026-03-24 09:27:50
redis-cart-58fbf7f7c6-k7fnt,node-5,2026-03-24 09:27:50
cartservice-7d5b58b444-hx8vh,node-227,2026-03-24 09:27:50
checkoutservice,productcatalogservice,2026-03-24 09:27:50
frontend,currencyservice,2026-03-24 09:27:50
checkoutservice-7b67c7c4c8-stjfw,node-227,2026-03-24 09:27:55
redis-cart-58fbf7f7c6-k7fnt,node-5,2026-03-24 09:27:55
frontend,currencyservice,2026-03-24 09:27:55
checkoutservice,shippingservice,2026-03-24 09:27:55
frontend,cartservice,2026-03-24 09:27:55
frontend,productcatalogservice,2026-03-24 09:27:55
paymentservice-54569c46cc-gpfvj,node-227,2026-03-24 09:27:55
shippingservice-f899f4b4c-wc9v4,node-221,2026-03-24 09:27:55
emailservice-59c9565948-8g9bx,node-227,2026-03-24 09:27:55
currencyservice-76f5d795cc-8c7mz,node-227,2026-03-24 09:27:55
checkoutservice,cartservice,2026-03-24 09:27:55
checkoutservice,productcatalogservice,2026-03-24 09:27:55
cartservice-7d5b58b444-hx8vh,node-227,2026-03-24 09:27:55
frontend,recommendationservice,2026-03-24 09:27:55
productcatalogservice-596d5c8f9f-gkz8l,node-219,2026-03-24 09:27:55
frontend,shippingservice,2026-03-24 09:27:55
frontend-77cd85d5b4-qvc6w,node-5,2026-03-24 09:27:55
frontend,checkoutservice,2026-03-24 09:27:55
checkoutservice,currencyservice,2026-03-24 09:27:55
recommendationservice,productcatalogservice,2026-03-24 09:27:55
frontend,adservice,2026-03-24 09:27:55
checkoutservice,emailservice,2026-03-24 09:27:55
adservice-b87685d75-vbkk7,node-227,2026-03-24 09:27:55
checkoutservice,paymentservice,2026-03-24 09:27:55
recommendationservice-5c8d676599-v4qcr,node-227,2026-03-24 09:27:55
recommendationservice,productcatalogservice,2026-03-24 09:28:00
paymentservice-54569c46cc-gpfvj,node-227,2026-03-24 09:28:00
frontend,currencyservice,2026-03-24 09:28:00
cartservice-7d5b58b444-hx8vh,node-227,2026-03-24 09:28:00
checkoutservice,emailservice,2026-03-24 09:28:00
checkoutservice,cartservice,2026-03-24 09:28:00
adservice-b87685d75-vbkk7,node-227,2026-03-24 09:28:00
frontend,cartservice,2026-03-24 09:28:00
frontend-77cd85d5b4-qvc6w,node-5,2026-03-24 09:28:00
redis-cart-58fbf7f7c6-k7fnt,node-5,2026-03-24 09:28:00
productcatalogservice-596d5c8f9f-gkz8l,node-219,2026-03-24 09:28:00
frontend,recommendationservice,2026-03-24 09:28:00
checkoutservice,paymentservice,2026-03-24 09:28:00
frontend,checkoutservice,2026-03-24 09:28:00
emailservice-59c9565948-8g9bx,node-227,2026-03-24 09:28:00
frontend,productcatalogservice,2026-03-24 09:28:00
frontend,shippingservice,2026-03-24 09:28:00
shippingservice-f899f4b4c-wc9v4,node-221,2026-03-24 09:28:00
checkoutservice-7b67c7c4c8-stjfw,node-227,2026-03-24 09:28:00
checkoutservice,currencyservice,2026-03-24 09:28:00
recommendationservice-5c8d676599-v4qcr,node-227,2026-03-24 09:28:00
checkoutservice,shippingservice,2026-03-24 09:28:00
checkoutservice,productcatalogservice,2026-03-24 09:28:00
currencyservice-76f5d795cc-8c7mz,node-227,2026-03-24 09:28:00
frontend,adservice,2026-03-24 09:28:00
cartservice-7d5b58b444-hx8vh,node-227,2026-03-24 09:28:05
checkoutservice,productcatalogservice,2026-03-24 09:28:05
checkoutservice,cartservice,2026-03-24 09:28:05
frontend,checkoutservice,2026-03-24 09:28:05
currencyservice-76f5d795cc-8c7mz,node-227,2026-03-24 09:28:05
frontend,shippingservice,2026-03-24 09:28:05
frontend-77cd85d5b4-qvc6w,node-5,2026-03-24 09:28:05
recommendationservice,productcatalogservice,2026-03-24 09:28:05
frontend,recommendationservice,2026-03-24 09:28:05
productcatalogservice-596d5c8f9f-gkz8l,node-219,2026-03-24 09:28:05
checkoutservice,currencyservice,2026-03-24 09:28:05
recommendationservice-5c8d676599-v4qcr,node-227,2026-03-24 09:28:05
checkoutservice-7b67c7c4c8-stjfw,node-227,2026-03-24 09:28:05
frontend,adservice,2026-03-24 09:28:05
frontend,cartservice,2026-03-24 09:28:05
checkoutservice,shippingservice,2026-03-24 09:28:05
redis-cart-58fbf7f7c6-k7fnt,node-5,2026-03-24 09:28:05
frontend,currencyservice,2026-03-24 09:28:05
checkoutservice,emailservice,2026-03-24 09:28:05
frontend,productcatalogservice,2026-03-24 09:28:05
emailservice-59c9565948-8g9bx,node-227,2026-03-24 09:28:05
shippingservice-f899f4b4c-wc9v4,node-221,2026-03-24 09:28:05
checkoutservice,paymentservice,2026-03-24 09:28:05
adservice-b87685d75-vbkk7,node-227,2026-03-24 09:28:05
paymentservice-54569c46cc-gpfvj,node-227,2026-03-24 09:28:05
checkoutservice,paymentservice,2026-03-24 09:28:10
frontend-77cd85d5b4-qvc6w,node-5,2026-03-24 09:28:10
frontend,productcatalogservice,2026-03-24 09:28:10
redis-cart-58fbf7f7c6-k7fnt,node-5,2026-03-24 09:28:10
recommendationservice,productcatalogservice,2026-03-24 09:28:10
productcatalogservice-596d5c8f9f-gkz8l,node-219,2026-03-24 09:28:10
checkoutservice,productcatalogservice,2026-03-24 09:28:10
shippingservice-f899f4b4c-wc9v4,node-221,2026-03-24 09:28:10
frontend,shippingservice,2026-03-24 09:28:10
checkoutservice,shippingservice,2026-03-24 09:28:10
frontend,recommendationservice,2026-03-24 09:28:10
adservice-b87685d75-vbkk7,node-227,2026-03-24 09:28:10
checkoutservice,emailservice,2026-03-24 09:28:10
frontend,adservice,2026-03-24 09:28:10
frontend,cartservice,2026-03-24 09:28:10
currencyservice-76f5d795cc-8c7mz,node-227,2026-03-24 09:28:10
recommendationservice-5c8d676599-v4qcr,node-227,2026-03-24 09:28:10
checkoutservice,cartservice,2026-03-24 09:28:10
cartservice-7d5b58b444-hx8vh,node-227,2026-03-24 09:28:10
emailservice-59c9565948-8g9bx,node-227,2026-03-24 09:28:10
paymentservice-54569c46cc-gpfvj,node-227,2026-03-24 09:28:10
frontend,checkoutservice,2026-03-24 09:28:10
frontend,currencyservice,2026-03-24 09:28:10
checkoutservice-7b67c7c4c8-stjfw,node-227,2026-03-24 09:28:10
checkoutservice,currencyservice,2026-03-24 09:28:10
redis-cart-58fbf7f7c6-k7fnt,node-5,2026-03-24 09:28:15
checkoutservice,currencyservice,2026-03-24 09:28:15
frontend,shippingservice,2026-03-24 09:28:15
frontend,cartservice,2026-03-24 09:28:15
shippingservice-f899f4b4c-wc9v4,node-221,2026-03-24 09:28:15
cartservice-7d5b58b444-hx8vh,node-227,2026-03-24 09:28:15
frontend,recommendationservice,2026-03-24 09:28:15
recommendationservice-5c8d676599-v4qcr,node-227,2026-03-24 09:28:15
checkoutservice,cartservice,2026-03-24 09:28:15
paymentservice-54569c46cc-gpfvj,node-227,2026-03-24 09:28:15
recommendationservice,productcatalogservice,2026-03-24 09:28:15
frontend,currencyservice,2026-03-24 09:28:15
checkoutservice-7b67c7c4c8-stjfw,node-227,2026-03-24 09:28:15
frontend-77cd85d5b4-qvc6w,node-5,2026-03-24 09:28:15
adservice-b87685d75-vbkk7,node-227,2026-03-24 09:28:15
currencyservice-76f5d795cc-8c7mz,node-227,2026-03-24 09:28:15
checkoutservice,paymentservice,2026-03-24 09:28:15
frontend,adservice,2026-03-24 09:28:15
checkoutservice,productcatalogservice,2026-03-24 09:28:15
checkoutservice,shippingservice,2026-03-24 09:28:15
checkoutservice,emailservice,2026-03-24 09:28:15
emailservice-59c9565948-8g9bx,node-227,2026-03-24 09:28:15
productcatalogservice-596d5c8f9f-gkz8l,node-219,2026-03-24 09:28:15
frontend,productcatalogservice,2026-03-24 09:28:15
frontend,checkoutservice,2026-03-24 09:28:15
currencyservice-76f5d795cc-8c7mz,node-227,2026-03-24 09:28:20
checkoutservice,shippingservice,2026-03-24 09:28:20
paymentservice-54569c46cc-gpfvj,node-227,2026-03-24 09:28:20
frontend,checkoutservice,2026-03-24 09:28:20
frontend,currencyservice,2026-03-24 09:28:20
productcatalogservice-596d5c8f9f-gkz8l,node-219,2026-03-24 09:28:20
checkoutservice-7b67c7c4c8-stjfw,node-227,2026-03-24 09:28:20
recommendationservice,productcatalogservice,2026-03-24 09:28:20
frontend-77cd85d5b4-qvc6w,node-5,2026-03-24 09:28:20
cartservice-7d5b58b444-hx8vh,node-227,2026-03-24 09:28:20
checkoutservice,cartservice,2026-03-24 09:28:20
recommendationservice-5c8d676599-v4qcr,node-227,2026-03-24 09:28:20
frontend,recommendationservice,2026-03-24 09:28:20
frontend,adservice,2026-03-24 09:28:20
emailservice-59c9565948-8g9bx,node-227,2026-03-24 09:28:20
adservice-b87685d75-vbkk7,node-227,2026-03-24 09:28:20
shippingservice-f899f4b4c-wc9v4,node-221,2026-03-24 09:28:20
checkoutservice,emailservice,2026-03-24 09:28:20
frontend,cartservice,2026-03-24 09:28:20
checkoutservice,productcatalogservice,2026-03-24 09:28:20
frontend,productcatalogservice,2026-03-24 09:28:20
redis-cart-58fbf7f7c6-k7fnt,node-5,2026-03-24 09:28:20
frontend,shippingservice,2026-03-24 09:28:20
checkoutservice,paymentservice,2026-03-24 09:28:20
checkoutservice,currencyservice,2026-03-24 09:28:20
currencyservice-76f5d795cc-8c7mz,node-227,2026-03-24 09:28:25
checkoutservice,paymentservice,2026-03-24 09:28:25
redis-cart-58fbf7f7c6-k7fnt,node-5,2026-03-24 09:28:25
recommendationservice,productcatalogservice,2026-03-24 09:28:25
checkoutservice,productcatalogservice,2026-03-24 09:28:25
frontend,checkoutservice,2026-03-24 09:28:25
productcatalogservice-596d5c8f9f-gkz8l,node-219,2026-03-24 09:28:25
shippingservice-f899f4b4c-wc9v4,node-221,2026-03-24 09:28:25
paymentservice-54569c46cc-gpfvj,node-227,2026-03-24 09:28:25
frontend,cartservice,2026-03-24 09:28:25
emailservice-59c9565948-8g9bx,node-227,2026-03-24 09:28:25
frontend,productcatalogservice,2026-03-24 09:28:25
checkoutservice,currencyservice,2026-03-24 09:28:25
frontend-77cd85d5b4-qvc6w,node-5,2026-03-24 09:28:25
frontend,currencyservice,2026-03-24 09:28:25
checkoutservice,shippingservice,2026-03-24 09:28:25
frontend,adservice,2026-03-24 09:28:25
checkoutservice,cartservice,2026-03-24 09:28:25
frontend,shippingservice,2026-03-24 09:28:25
recommendationservice-5c8d676599-v4qcr,node-227,2026-03-24 09:28:25
checkoutservice,emailservice,2026-03-24 09:28:25
checkoutservice-7b67c7c4c8-stjfw,node-227,2026-03-24 09:28:25
cartservice-7d5b58b444-hx8vh,node-227,2026-03-24 09:28:25
frontend,recommendationservice,2026-03-24 09:28:25
adservice-b87685d75-vbkk7,node-227,2026-03-24 09:28:25
paymentservice-54569c46cc-gpfvj,node-227,2026-03-24 09:28:30
frontend,currencyservice,2026-03-24 09:28:30
redis-cart-58fbf7f7c6-k7fnt,node-5,2026-03-24 09:28:30
shippingservice-f899f4b4c-wc9v4,node-221,2026-03-24 09:28:30
frontend,recommendationservice,2026-03-24 09:28:30
currencyservice-76f5d795cc-8c7mz,node-227,2026-03-24 09:28:30
recommendationservice-5c8d676599-v4qcr,node-227,2026-03-24 09:28:30
frontend,cartservice,2026-03-24 09:28:30
cartservice-7d5b58b444-hx8vh,node-227,2026-03-24 09:28:30
frontend,shippingservice,2026-03-24 09:28:30
adservice-b87685d75-vbkk7,node-227,2026-03-24 09:28:30
checkoutservice,productcatalogservice,2026-03-24 09:28:30
checkoutservice,currencyservice,2026-03-24 09:28:30
checkoutservice-7b67c7c4c8-stjfw,node-227,2026-03-24 09:28:30
recommendationservice,productcatalogservice,2026-03-24 09:28:30
checkoutservice,shippingservice,2026-03-24 09:28:30
checkoutservice,cartservice,2026-03-24 09:28:30
checkoutservice,paymentservice,2026-03-24 09:28:30
frontend,adservice,2026-03-24 09:28:30
emailservice-59c9565948-8g9bx,node-227,2026-03-24 09:28:30
frontend,checkoutservice,2026-03-24 09:28:30
frontend,productcatalogservice,2026-03-24 09:28:30
productcatalogservice-596d5c8f9f-gkz8l,node-219,2026-03-24 09:28:30
frontend-77cd85d5b4-qvc6w,node-5,2026-03-24 09:28:30
checkoutservice,emailservice,2026-03-24 09:28:30
emailservice-59c9565948-8g9bx,node-227,2026-03-24 09:28:35
currencyservice-76f5d795cc-8c7mz,node-227,2026-03-24 09:28:35
checkoutservice,emailservice,2026-03-24 09:28:35
frontend,productcatalogservice,2026-03-24 09:28:35
productcatalogservice-596d5c8f9f-gkz8l,node-219,2026-03-24 09:28:35
checkoutservice,productcatalogservice,2026-03-24 09:28:35
redis-cart-58fbf7f7c6-k7fnt,node-5,2026-03-24 09:28:35
frontend,adservice,2026-03-24 09:28:35
recommendationservice-5c8d676599-v4qcr,node-227,2026-03-24 09:28:35
frontend,shippingservice,2026-03-24 09:28:35
cartservice-7d5b58b444-hx8vh,node-227,2026-03-24 09:28:35
frontend,currencyservice,2026-03-24 09:28:35
frontend,checkoutservice,2026-03-24 09:28:35
paymentservice-54569c46cc-gpfvj,node-227,2026-03-24 09:28:35
checkoutservice,shippingservice,2026-03-24 09:28:35
checkoutservice,cartservice,2026-03-24 09:28:35
frontend,cartservice,2026-03-24 09:28:35
checkoutservice,paymentservice,2026-03-24 09:28:35
frontend,recommendationservice,2026-03-24 09:28:35
checkoutservice,currencyservice,2026-03-24 09:28:35
adservice-b87685d75-vbkk7,node-227,2026-03-24 09:28:35
recommendationservice,productcatalogservice,2026-03-24 09:28:35
shippingservice-f899f4b4c-wc9v4,node-221,2026-03-24 09:28:35
checkoutservice-7b67c7c4c8-stjfw,node-227,2026-03-24 09:28:35
frontend-77cd85d5b4-qvc6w,node-5,2026-03-24 09:28:35
recommendationservice,productcatalogservice,2026-03-24 09:28:40
frontend-77cd85d5b4-qvc6w,node-5,2026-03-24 09:28:40
emailservice-59c9565948-8g9bx,node-227,2026-03-24 09:28:40
frontend,checkoutservice,2026-03-24 09:28:40
checkoutservice-7b67c7c4c8-stjfw,node-227,2026-03-24 09:28:40
checkoutservice,paymentservice,2026-03-24 09:28:40
paymentservice-54569c46cc-gpfvj,node-227,2026-03-24 09:28:40
checkoutservice,emailservice,2026-03-24 09:28:40
frontend,productcatalogservice,2026-03-24 09:28:40
checkoutservice,currencyservice,2026-03-24 09:28:40
checkoutservice,productcatalogservice,2026-03-24 09:28:40
frontend,adservice,2026-03-24 09:28:40
cartservice-7d5b58b444-hx8vh,node-227,2026-03-24 09:28:40
productcatalogservice-596d5c8f9f-gkz8l,node-219,2026-03-24 09:28:40
redis-cart-58fbf7f7c6-k7fnt,node-5,2026-03-24 09:28:40
frontend,currencyservice,2026-03-24 09:28:40
shippingservice-f899f4b4c-wc9v4,node-221,2026-03-24 09:28:40
currencyservice-76f5d795cc-8c7mz,node-227,2026-03-24 09:28:40
adservice-b87685d75-vbkk7,node-227,2026-03-24 09:28:40
recommendationservice-5c8d676599-v4qcr,node-227,2026-03-24 09:28:40
frontend,recommendationservice,2026-03-24 09:28:40
frontend,cartservice,2026-03-24 09:28:40
checkoutservice,cartservice,2026-03-24 09:28:40
frontend,shippingservice,2026-03-24 09:28:40
checkoutservice,shippingservice,2026-03-24 09:28:40
checkoutservice,shippingservice,2026-03-24 09:28:45
checkoutservice,cartservice,2026-03-24 09:28:45
frontend,adservice,2026-03-24 09:28:45
redis-cart-58fbf7f7c6-k7fnt,node-5,2026-03-24 09:28:45
recommendationservice-5c8d676599-v4qcr,node-227,2026-03-24 09:28:45
frontend,shippingservice,2026-03-24 09:28:45
frontend,recommendationservice,2026-03-24 09:28:45
frontend,cartservice,2026-03-24 09:28:45
recommendationservice,productcatalogservice,2026-03-24 09:28:45
frontend-77cd85d5b4-qvc6w,node-5,2026-03-24 09:28:45
paymentservice-54569c46cc-gpfvj,node-227,2026-03-24 09:28:45
frontend,productcatalogservice,2026-03-24 09:28:45
frontend,checkoutservice,2026-03-24 09:28:45
emailservice-59c9565948-8g9bx,node-227,2026-03-24 09:28:45
adservice-b87685d75-vbkk7,node-227,2026-03-24 09:28:45
checkoutservice,paymentservice,2026-03-24 09:28:45
checkoutservice-7b67c7c4c8-stjfw,node-227,2026-03-24 09:28:45
currencyservice-76f5d795cc-8c7mz,node-227,2026-03-24 09:28:45
checkoutservice,currencyservice,2026-03-24 09:28:45
shippingservice-f899f4b4c-wc9v4,node-221,2026-03-24 09:28:45
cartservice-7d5b58b444-hx8vh,node-227,2026-03-24 09:28:45
checkoutservice,productcatalogservice,2026-03-24 09:28:45
frontend,currencyservice,2026-03-24 09:28:45
productcatalogservice-596d5c8f9f-gkz8l,node-219,2026-03-24 09:28:45
checkoutservice,emailservice,2026-03-24 09:28:45
currencyservice-76f5d795cc-8c7mz,node-227,2026-03-24 09:28:50
frontend,currencyservice,2026-03-24 09:28:50
checkoutservice,productcatalogservice,2026-03-24 09:28:50
frontend,productcatalogservice,2026-03-24 09:28:50
frontend,recommendationservice,2026-03-24 09:28:50
adservice-b87685d75-vbkk7,node-227,2026-03-24 09:28:50
cartservice-7d5b58b444-hx8vh,node-227,2026-03-24 09:28:50
checkoutservice,shippingservice,2026-03-24 09:28:50
paymentservice-54569c46cc-gpfvj,node-227,2026-03-24 09:28:50
checkoutservice,currencyservice,2026-03-24 09:28:50
redis-cart-58fbf7f7c6-k7fnt,node-5,2026-03-24 09:28:50
frontend,cartservice,2026-03-24 09:28:50
emailservice-59c9565948-8g9bx,node-227,2026-03-24 09:28:50
shippingservice-f899f4b4c-wc9v4,node-221,2026-03-24 09:28:50
frontend,shippingservice,2026-03-24 09:28:50
checkoutservice-7b67c7c4c8-stjfw,node-227,2026-03-24 09:28:50
checkoutservice,paymentservice,2026-03-24 09:28:50
recommendationservice,productcatalogservice,2026-03-24 09:28:50
checkoutservice,cartservice,2026-03-24 09:28:50
frontend-77cd85d5b4-qvc6w,node-5,2026-03-24 09:28:50
productcatalogservice-596d5c8f9f-gkz8l,node-219,2026-03-24 09:28:50
checkoutservice,emailservice,2026-03-24 09:28:50
frontend,checkoutservice,2026-03-24 09:28:50
recommendationservice-5c8d676599-v4qcr,node-227,2026-03-24 09:28:50
frontend,adservice,2026-03-24 09:28:50
checkoutservice,paymentservice,2026-03-24 09:28:55
checkoutservice,emailservice,2026-03-24 09:28:55
emailservice-59c9565948-8g9bx,node-227,2026-03-24 09:28:55
frontend,recommendationservice,2026-03-24 09:28:55
frontend-77cd85d5b4-qvc6w,node-5,2026-03-24 09:28:55
adservice-b87685d75-vbkk7,node-227,2026-03-24 09:28:55
shippingservice-f899f4b4c-wc9v4,node-221,2026-03-24 09:28:55
frontend,adservice,2026-03-24 09:28:55
frontend,cartservice,2026-03-24 09:28:55
checkoutservice,cartservice,2026-03-24 09:28:55
checkoutservice,currencyservice,2026-03-24 09:28:55
frontend,currencyservice,2026-03-24 09:28:55
checkoutservice-7b67c7c4c8-stjfw,node-227,2026-03-24 09:28:55
cartservice-7d5b58b444-hx8vh,node-227,2026-03-24 09:28:55
currencyservice-76f5d795cc-8c7mz,node-227,2026-03-24 09:28:55
recommendationservice,productcatalogservice,2026-03-24 09:28:55
paymentservice-54569c46cc-gpfvj,node-227,2026-03-24 09:28:55
frontend,shippingservice,2026-03-24 09:28:55
checkoutservice,productcatalogservice,2026-03-24 09:28:55
frontend,productcatalogservice,2026-03-24 09:28:55
checkoutservice,shippingservice,2026-03-24 09:28:55
recommendationservice-5c8d676599-v4qcr,node-227,2026-03-24 09:28:55
productcatalogservice-596d5c8f9f-gkz8l,node-219,2026-03-24 09:28:55
redis-cart-58fbf7f7c6-k7fnt,node-5,2026-03-24 09:28:55
frontend,checkoutservice,2026-03-24 09:28:55
frontend-77cd85d5b4-qvc6w,node-5,2026-03-24 09:29:00
frontend,shippingservice,2026-03-24 09:29:00
paymentservice-54569c46cc-gpfvj,node-227,2026-03-24 09:29:00
recommendationservice-5c8d676599-v4qcr,node-227,2026-03-24 09:29:00
shippingservice-f899f4b4c-wc9v4,node-221,2026-03-24 09:29:00
currencyservice-76f5d795cc-8c7mz,node-227,2026-03-24 09:29:00
checkoutservice-7b67c7c4c8-stjfw,node-227,2026-03-24 09:29:00
recommendationservice,productcatalogservice,2026-03-24 09:29:00
checkoutservice,cartservice,2026-03-24 09:29:00
checkoutservice,productcatalogservice,2026-03-24 09:29:00
frontend,adservice,2026-03-24 09:29:00
checkoutservice,paymentservice,2026-03-24 09:29:00
checkoutservice,emailservice,2026-03-24 09:29:00
frontend,checkoutservice,2026-03-24 09:29:00
productcatalogservice-596d5c8f9f-gkz8l,node-219,2026-03-24 09:29:00
frontend,currencyservice,2026-03-24 09:29:00
checkoutservice,shippingservice,2026-03-24 09:29:00
redis-cart-58fbf7f7c6-k7fnt,node-5,2026-03-24 09:29:00
adservice-b87685d75-vbkk7,node-227,2026-03-24 09:29:00
checkoutservice,currencyservice,2026-03-24 09:29:00
frontend,productcatalogservice,2026-03-24 09:29:00
frontend,recommendationservice,2026-03-24 09:29:00
frontend,cartservice,2026-03-24 09:29:00
cartservice-7d5b58b444-hx8vh,node-227,2026-03-24 09:29:00
emailservice-59c9565948-8g9bx,node-227,2026-03-24 09:29:00
cartservice-7d5b58b444-hx8vh,node-227,2026-03-24 09:29:05
checkoutservice,emailservice,2026-03-24 09:29:05
frontend,adservice,2026-03-24 09:29:05
frontend-77cd85d5b4-qvc6w,node-5,2026-03-24 09:29:05
frontend,recommendationservice,2026-03-24 09:29:05
checkoutservice,paymentservice,2026-03-24 09:29:05
frontend,checkoutservice,2026-03-24 09:29:05
redis-cart-58fbf7f7c6-k7fnt,node-5,2026-03-24 09:29:05
recommendationservice-5c8d676599-v4qcr,node-227,2026-03-24 09:29:05
paymentservice-54569c46cc-gpfvj,node-227,2026-03-24 09:29:05
emailservice-59c9565948-8g9bx,node-227,2026-03-24 09:29:05
frontend,currencyservice,2026-03-24 09:29:05
checkoutservice,cartservice,2026-03-24 09:29:05
currencyservice-76f5d795cc-8c7mz,node-227,2026-03-24 09:29:05
recommendationservice,productcatalogservice,2026-03-24 09:29:05
frontend,productcatalogservice,2026-03-24 09:29:05
productcatalogservice-596d5c8f9f-gkz8l,node-219,2026-03-24 09:29:05
checkoutservice,productcatalogservice,2026-03-24 09:29:05
frontend,shippingservice,2026-03-24 09:29:05
checkoutservice-7b67c7c4c8-stjfw,node-227,2026-03-24 09:29:05
frontend,cartservice,2026-03-24 09:29:05
checkoutservice,currencyservice,2026-03-24 09:29:05
shippingservice-f899f4b4c-wc9v4,node-221,2026-03-24 09:29:05
adservice-b87685d75-vbkk7,node-227,2026-03-24 09:29:05
checkoutservice,shippingservice,2026-03-24 09:29:05
frontend,currencyservice,2026-03-24 09:29:10
recommendationservice-5c8d676599-v4qcr,node-227,2026-03-24 09:29:10
frontend,shippingservice,2026-03-24 09:29:10
frontend,adservice,2026-03-24 09:29:10
checkoutservice-7b67c7c4c8-stjfw,node-227,2026-03-24 09:29:10
frontend,recommendationservice,2026-03-24 09:29:10
checkoutservice,emailservice,2026-03-24 09:29:10
checkoutservice,cartservice,2026-03-24 09:29:10
paymentservice-54569c46cc-gpfvj,node-227,2026-03-24 09:29:10
adservice-b87685d75-vbkk7,node-227,2026-03-24 09:29:10
checkoutservice,paymentservice,2026-03-24 09:29:10
emailservice-59c9565948-8g9bx,node-227,2026-03-24 09:29:10
checkoutservice,shippingservice,2026-03-24 09:29:10
redis-cart-58fbf7f7c6-k7fnt,node-5,2026-03-24 09:29:10
frontend,cartservice,2026-03-24 09:29:10
checkoutservice,currencyservice,2026-03-24 09:29:10
frontend,productcatalogservice,2026-03-24 09:29:10
shippingservice-f899f4b4c-wc9v4,node-221,2026-03-24 09:29:10
productcatalogservice-596d5c8f9f-gkz8l,node-219,2026-03-24 09:29:10
currencyservice-76f5d795cc-8c7mz,node-227,2026-03-24 09:29:10
recommendationservice,productcatalogservice,2026-03-24 09:29:10
cartservice-7d5b58b444-hx8vh,node-227,2026-03-24 09:29:10
checkoutservice,productcatalogservice,2026-03-24 09:29:10
frontend,checkoutservice,2026-03-24 09:29:10
frontend-77cd85d5b4-qvc6w,node-5,2026-03-24 09:29:10
frontend,shippingservice,2026-03-24 09:29:15
checkoutservice,productcatalogservice,2026-03-24 09:29:15
frontend,adservice,2026-03-24 09:29:15
frontend,productcatalogservice,2026-03-24 09:29:15
checkoutservice,paymentservice,2026-03-24 09:29:15
frontend,recommendationservice,2026-03-24 09:29:15
redis-cart-58fbf7f7c6-k7fnt,node-5,2026-03-24 09:29:15
paymentservice-54569c46cc-gpfvj,node-227,2026-03-24 09:29:15
checkoutservice-7b67c7c4c8-stjfw,node-227,2026-03-24 09:29:15
emailservice-59c9565948-8g9bx,node-227,2026-03-24 09:29:15
productcatalogservice-596d5c8f9f-gkz8l,node-219,2026-03-24 09:29:15
adservice-b87685d75-vbkk7,node-227,2026-03-24 09:29:15
frontend,cartservice,2026-03-24 09:29:15
recommendationservice,productcatalogservice,2026-03-24 09:29:15
frontend,currencyservice,2026-03-24 09:29:15
checkoutservice,currencyservice,2026-03-24 09:29:15
checkoutservice,shippingservice,2026-03-24 09:29:15
frontend-77cd85d5b4-qvc6w,node-5,2026-03-24 09:29:15
cartservice-7d5b58b444-hx8vh,node-227,2026-03-24 09:29:15
frontend,checkoutservice,2026-03-24 09:29:15
shippingservice-f899f4b4c-wc9v4,node-221,2026-03-24 09:29:15
recommendationservice-5c8d676599-v4qcr,node-227,2026-03-24 09:29:15
currencyservice-76f5d795cc-8c7mz,node-227,2026-03-24 09:29:15
checkoutservice,emailservice,2026-03-24 09:29:15
checkoutservice,cartservice,2026-03-24 09:29:15
currencyservice-76f5d795cc-8c7mz,node-227,2026-03-24 09:29:20
productcatalogservice-596d5c8f9f-gkz8l,node-219,2026-03-24 09:29:20
checkoutservice,emailservice,2026-03-24 09:29:20
adservice-b87685d75-vbkk7,node-227,2026-03-24 09:29:20
frontend,adservice,2026-03-24 09:29:20
checkoutservice,productcatalogservice,2026-03-24 09:29:20
frontend,checkoutservice,2026-03-24 09:29:20
checkoutservice-7b67c7c4c8-stjfw,node-227,2026-03-24 09:29:20
frontend,productcatalogservice,2026-03-24 09:29:20
paymentservice-54569c46cc-gpfvj,node-227,2026-03-24 09:29:20
frontend-77cd85d5b4-qvc6w,node-5,2026-03-24 09:29:20
checkoutservice,cartservice,2026-03-24 09:29:20
checkoutservice,shippingservice,2026-03-24 09:29:20
recommendationservice,productcatalogservice,2026-03-24 09:29:20
checkoutservice,paymentservice,2026-03-24 09:29:20
frontend,shippingservice,2026-03-24 09:29:20
shippingservice-f899f4b4c-wc9v4,node-221,2026-03-24 09:29:20
cartservice-7d5b58b444-hx8vh,node-227,2026-03-24 09:29:20
checkoutservice,currencyservice,2026-03-24 09:29:20
frontend,currencyservice,2026-03-24 09:29:20
frontend,cartservice,2026-03-24 09:29:20
emailservice-59c9565948-8g9bx,node-227,2026-03-24 09:29:20
redis-cart-58fbf7f7c6-k7fnt,node-5,2026-03-24 09:29:20
frontend,recommendationservice,2026-03-24 09:29:20
recommendationservice-5c8d676599-v4qcr,node-227,2026-03-24 09:29:20
frontend,adservice,2026-03-24 09:29:25
cartservice-7d5b58b444-hx8vh,node-227,2026-03-24 09:29:25
frontend,currencyservice,2026-03-24 09:29:25
recommendationservice-5c8d676599-v4qcr,node-227,2026-03-24 09:29:25
frontend,checkoutservice,2026-03-24 09:29:25
checkoutservice,shippingservice,2026-03-24 09:29:25
checkoutservice,currencyservice,2026-03-24 09:29:25
redis-cart-58fbf7f7c6-k7fnt,node-5,2026-03-24 09:29:25
checkoutservice-7b67c7c4c8-stjfw,node-227,2026-03-24 09:29:25
shippingservice-f899f4b4c-wc9v4,node-221,2026-03-24 09:29:25
checkoutservice,emailservice,2026-03-24 09:29:25
checkoutservice,paymentservice,2026-03-24 09:29:25
recommendationservice,productcatalogservice,2026-03-24 09:29:25
frontend,productcatalogservice,2026-03-24 09:29:25
frontend,cartservice,2026-03-24 09:29:25
frontend-77cd85d5b4-qvc6w,node-5,2026-03-24 09:29:25
paymentservice-54569c46cc-gpfvj,node-227,2026-03-24 09:29:25
checkoutservice,cartservice,2026-03-24 09:29:25
frontend,recommendationservice,2026-03-24 09:29:25
productcatalogservice-596d5c8f9f-gkz8l,node-219,2026-03-24 09:29:25
frontend,shippingservice,2026-03-24 09:29:25
adservice-b87685d75-vbkk7,node-227,2026-03-24 09:29:25
currencyservice-76f5d795cc-8c7mz,node-227,2026-03-24 09:29:25
checkoutservice,productcatalogservice,2026-03-24 09:29:25
emailservice-59c9565948-8g9bx,node-227,2026-03-24 09:29:25
productcatalogservice-596d5c8f9f-gkz8l,node-219,2026-03-24 09:29:30
redis-cart-58fbf7f7c6-k7fnt,node-5,2026-03-24 09:29:30
recommendationservice-5c8d676599-v4qcr,node-227,2026-03-24 09:29:30
checkoutservice-7b67c7c4c8-stjfw,node-227,2026-03-24 09:29:30
cartservice-7d5b58b444-hx8vh,node-227,2026-03-24 09:29:30
frontend-77cd85d5b4-qvc6w,node-5,2026-03-24 09:29:30
currencyservice-76f5d795cc-8c7mz,node-227,2026-03-24 09:29:30
paymentservice-54569c46cc-gpfvj,node-227,2026-03-24 09:29:30
frontend,shippingservice,2026-03-24 09:29:30
adservice-b87685d75-vbkk7,node-227,2026-03-24 09:29:30
emailservice-59c9565948-8g9bx,node-227,2026-03-24 09:29:30
shippingservice-f899f4b4c-wc9v4,node-221,2026-03-24 09:29:30
checkoutservice,shippingservice,2026-03-24 09:29:30
frontend,adservice,2026-03-24 09:29:30
frontend,checkoutservice,2026-03-24 09:29:30
recommendationservice,productcatalogservice,2026-03-24 09:29:30
frontend,recommendationservice,2026-03-24 09:29:30
checkoutservice,paymentservice,2026-03-24 09:29:30
checkoutservice,cartservice,2026-03-24 09:29:30
checkoutservice,currencyservice,2026-03-24 09:29:30
checkoutservice,emailservice,2026-03-24 09:29:30
frontend,currencyservice,2026-03-24 09:29:30
frontend,cartservice,2026-03-24 09:29:30
checkoutservice,productcatalogservice,2026-03-24 09:29:30
frontend,productcatalogservice,2026-03-24 09:29:30
frontend,recommendationservice,2026-03-24 09:29:35
checkoutservice-7b67c7c4c8-stjfw,node-227,2026-03-24 09:29:35
checkoutservice,currencyservice,2026-03-24 09:29:35
checkoutservice,paymentservice,2026-03-24 09:29:35
productcatalogservice-596d5c8f9f-gkz8l,node-219,2026-03-24 09:29:35
frontend,shippingservice,2026-03-24 09:29:35
checkoutservice,shippingservice,2026-03-24 09:29:35
frontend,adservice,2026-03-24 09:29:35
redis-cart-58fbf7f7c6-k7fnt,node-5,2026-03-24 09:29:35
frontend,productcatalogservice,2026-03-24 09:29:35
frontend,cartservice,2026-03-24 09:29:35
emailservice-59c9565948-8g9bx,node-227,2026-03-24 09:29:35
paymentservice-54569c46cc-gpfvj,node-227,2026-03-24 09:29:35
checkoutservice,cartservice,2026-03-24 09:29:35
frontend-77cd85d5b4-qvc6w,node-5,2026-03-24 09:29:35
recommendationservice,productcatalogservice,2026-03-24 09:29:35
frontend,checkoutservice,2026-03-24 09:29:35
currencyservice-76f5d795cc-8c7mz,node-227,2026-03-24 09:29:35
checkoutservice,productcatalogservice,2026-03-24 09:29:35
cartservice-7d5b58b444-hx8vh,node-227,2026-03-24 09:29:35
frontend,currencyservice,2026-03-24 09:29:35
recommendationservice-5c8d676599-v4qcr,node-227,2026-03-24 09:29:35
adservice-b87685d75-vbkk7,node-227,2026-03-24 09:29:35
checkoutservice,emailservice,2026-03-24 09:29:35
shippingservice-f899f4b4c-wc9v4,node-221,2026-03-24 09:29:35
frontend,adservice,2026-03-24 09:29:40
frontend,shippingservice,2026-03-24 09:29:40
frontend,checkoutservice,2026-03-24 09:29:40
currencyservice-76f5d795cc-8c7mz,node-227,2026-03-24 09:29:40
redis-cart-58fbf7f7c6-k7fnt,node-5,2026-03-24 09:29:40
frontend,productcatalogservice,2026-03-24 09:29:40
checkoutservice,emailservice,2026-03-24 09:29:40
cartservice-7d5b58b444-hx8vh,node-227,2026-03-24 09:29:40
emailservice-59c9565948-8g9bx,node-227,2026-03-24 09:29:40
paymentservice-54569c46cc-gpfvj,node-227,2026-03-24 09:29:40
adservice-b87685d75-vbkk7,node-227,2026-03-24 09:29:40
checkoutservice,cartservice,2026-03-24 09:29:40
frontend-77cd85d5b4-qvc6w,node-5,2026-03-24 09:29:40
checkoutservice,shippingservice,2026-03-24 09:29:40
recommendationservice,productcatalogservice,2026-03-24 09:29:40
frontend,cartservice,2026-03-24 09:29:40
frontend,recommendationservice,2026-03-24 09:29:40
frontend,currencyservice,2026-03-24 09:29:40
checkoutservice,paymentservice,2026-03-24 09:29:40
checkoutservice,currencyservice,2026-03-24 09:29:40
checkoutservice,productcatalogservice,2026-03-24 09:29:40
shippingservice-f899f4b4c-wc9v4,node-221,2026-03-24 09:29:40
productcatalogservice-596d5c8f9f-gkz8l,node-219,2026-03-24 09:29:40
recommendationservice-5c8d676599-v4qcr,node-227,2026-03-24 09:29:40
checkoutservice-7b67c7c4c8-stjfw,node-227,2026-03-24 09:29:40
checkoutservice-7b67c7c4c8-stjfw,node-227,2026-03-24 09:29:45
frontend,productcatalogservice,2026-03-24 09:29:45
emailservice-59c9565948-8g9bx,node-227,2026-03-24 09:29:45
frontend,cartservice,2026-03-24 09:29:45
checkoutservice,emailservice,2026-03-24 09:29:45
recommendationservice-5c8d676599-v4qcr,node-227,2026-03-24 09:29:45
paymentservice-54569c46cc-gpfvj,node-227,2026-03-24 09:29:45
checkoutservice,currencyservice,2026-03-24 09:29:45
checkoutservice,cartservice,2026-03-24 09:29:45
frontend-77cd85d5b4-qvc6w,node-5,2026-03-24 09:29:45
frontend,currencyservice,2026-03-24 09:29:45
adservice-b87685d75-vbkk7,node-227,2026-03-24 09:29:45
redis-cart-58fbf7f7c6-k7fnt,node-5,2026-03-24 09:29:45
frontend,checkoutservice,2026-03-24 09:29:45
frontend,recommendationservice,2026-03-24 09:29:45
checkoutservice,productcatalogservice,2026-03-24 09:29:45
frontend,adservice,2026-03-24 09:29:45
cartservice-7d5b58b444-hx8vh,node-227,2026-03-24 09:29:45
recommendationservice,productcatalogservice,2026-03-24 09:29:45
checkoutservice,paymentservice,2026-03-24 09:29:45
frontend,shippingservice,2026-03-24 09:29:45
productcatalogservice-596d5c8f9f-gkz8l,node-219,2026-03-24 09:29:45
checkoutservice,shippingservice,2026-03-24 09:29:45
currencyservice-76f5d795cc-8c7mz,node-227,2026-03-24 09:29:45
shippingservice-f899f4b4c-wc9v4,node-221,2026-03-24 09:29:45
emailservice-59c9565948-8g9bx,node-227,2026-03-24 09:29:50
adservice-b87685d75-vbkk7,node-227,2026-03-24 09:29:50
frontend-77cd85d5b4-qvc6w,node-5,2026-03-24 09:29:50
frontend,checkoutservice,2026-03-24 09:29:50
frontend,cartservice,2026-03-24 09:29:50
checkoutservice,currencyservice,2026-03-24 09:29:50
checkoutservice,productcatalogservice,2026-03-24 09:29:50
frontend,productcatalogservice,2026-03-24 09:29:50
checkoutservice,emailservice,2026-03-24 09:29:50
frontend,currencyservice,2026-03-24 09:29:50
checkoutservice-7b67c7c4c8-stjfw,node-227,2026-03-24 09:29:50
currencyservice-76f5d795cc-8c7mz,node-227,2026-03-24 09:29:50
productcatalogservice-596d5c8f9f-gkz8l,node-219,2026-03-24 09:29:50
shippingservice-f899f4b4c-wc9v4,node-221,2026-03-24 09:29:50
cartservice-7d5b58b444-hx8vh,node-227,2026-03-24 09:29:50
checkoutservice,paymentservice,2026-03-24 09:29:50
recommendationservice,productcatalogservice,2026-03-24 09:29:50
redis-cart-58fbf7f7c6-k7fnt,node-5,2026-03-24 09:29:50
frontend,recommendationservice,2026-03-24 09:29:50
recommendationservice-5c8d676599-v4qcr,node-227,2026-03-24 09:29:50
frontend,shippingservice,2026-03-24 09:29:50
frontend,adservice,2026-03-24 09:29:50
paymentservice-54569c46cc-gpfvj,node-227,2026-03-24 09:29:50
checkoutservice,shippingservice,2026-03-24 09:29:50
checkoutservice,cartservice,2026-03-24 09:29:50
frontend,adservice,2026-03-24 09:29:55
checkoutservice,cartservice,2026-03-24 09:29:55
productcatalogservice-596d5c8f9f-gkz8l,node-219,2026-03-24 09:29:55
recommendationservice-5c8d676599-v4qcr,node-227,2026-03-24 09:29:55
frontend,cartservice,2026-03-24 09:29:55
shippingservice-f899f4b4c-wc9v4,node-221,2026-03-24 09:29:55
checkoutservice,paymentservice,2026-03-24 09:29:55
checkoutservice,currencyservice,2026-03-24 09:29:55
checkoutservice-7b67c7c4c8-stjfw,node-227,2026-03-24 09:29:55
cartservice-7d5b58b444-hx8vh,node-227,2026-03-24 09:29:55
emailservice-59c9565948-8g9bx,node-227,2026-03-24 09:29:55
frontend-77cd85d5b4-qvc6w,node-5,2026-03-24 09:29:55
paymentservice-54569c46cc-gpfvj,node-227,2026-03-24 09:29:55
frontend,checkoutservice,2026-03-24 09:29:55
frontend,currencyservice,2026-03-24 09:29:55
checkoutservice,productcatalogservice,2026-03-24 09:29:55
currencyservice-76f5d795cc-8c7mz,node-227,2026-03-24 09:29:55
adservice-b87685d75-vbkk7,node-227,2026-03-24 09:29:55
checkoutservice,shippingservice,2026-03-24 09:29:55
redis-cart-58fbf7f7c6-k7fnt,node-5,2026-03-24 09:29:55
frontend,shippingservice,2026-03-24 09:29:55
checkoutservice,emailservice,2026-03-24 09:29:55
frontend,recommendationservice,2026-03-24 09:29:55
frontend,productcatalogservice,2026-03-24 09:29:55
recommendationservice,productcatalogservice,2026-03-24 09:29:55
frontend,shippingservice,2026-03-24 09:30:00
currencyservice-76f5d795cc-8c7mz,node-227,2026-03-24 09:30:00
frontend,productcatalogservice,2026-03-24 09:30:00
frontend,checkoutservice,2026-03-24 09:30:00
checkoutservice,paymentservice,2026-03-24 09:30:00
checkoutservice,currencyservice,2026-03-24 09:30:00
redis-cart-58fbf7f7c6-k7fnt,node-5,2026-03-24 09:30:00
checkoutservice-7b67c7c4c8-stjfw,node-227,2026-03-24 09:30:00
checkoutservice,productcatalogservice,2026-03-24 09:30:00
productcatalogservice-596d5c8f9f-gkz8l,node-219,2026-03-24 09:30:00
frontend,cartservice,2026-03-24 09:30:00
frontend,recommendationservice,2026-03-24 09:30:00
frontend,adservice,2026-03-24 09:30:00
frontend-77cd85d5b4-qvc6w,node-5,2026-03-24 09:30:00
emailservice-59c9565948-8g9bx,node-227,2026-03-24 09:30:00
adservice-b87685d75-vbkk7,node-227,2026-03-24 09:30:00
recommendationservice-5c8d676599-v4qcr,node-227,2026-03-24 09:30:00
checkoutservice,cartservice,2026-03-24 09:30:00
checkoutservice,shippingservice,2026-03-24 09:30:00
shippingservice-f899f4b4c-wc9v4,node-221,2026-03-24 09:30:00
recommendationservice,productcatalogservice,2026-03-24 09:30:00
checkoutservice,emailservice,2026-03-24 09:30:00
paymentservice-54569c46cc-gpfvj,node-227,2026-03-24 09:30:00
cartservice-7d5b58b444-hx8vh,node-227,2026-03-24 09:30:00
frontend,currencyservice,2026-03-24 09:30:00
checkoutservice,cartservice,2026-03-24 09:30:05
frontend,recommendationservice,2026-03-24 09:30:05
frontend,currencyservice,2026-03-24 09:30:05
paymentservice-54569c46cc-gpfvj,node-227,2026-03-24 09:30:05
frontend,checkoutservice,2026-03-24 09:30:05
adservice-b87685d75-vbkk7,node-227,2026-03-24 09:30:05
redis-cart-58fbf7f7c6-k7fnt,node-5,2026-03-24 09:30:05
recommendationservice,productcatalogservice,2026-03-24 09:30:05
checkoutservice,shippingservice,2026-03-24 09:30:05
frontend,shippingservice,2026-03-24 09:30:05
checkoutservice,productcatalogservice,2026-03-24 09:30:05
checkoutservice,emailservice,2026-03-24 09:30:05
frontend,productcatalogservice,2026-03-24 09:30:05
productcatalogservice-596d5c8f9f-gkz8l,node-219,2026-03-24 09:30:05
emailservice-59c9565948-8g9bx,node-227,2026-03-24 09:30:05
recommendationservice-5c8d676599-v4qcr,node-227,2026-03-24 09:30:05
frontend,cartservice,2026-03-24 09:30:05
frontend,adservice,2026-03-24 09:30:05
shippingservice-f899f4b4c-wc9v4,node-221,2026-03-24 09:30:05
checkoutservice,paymentservice,2026-03-24 09:30:05
frontend-77cd85d5b4-qvc6w,node-5,2026-03-24 09:30:05
checkoutservice,currencyservice,2026-03-24 09:30:05
currencyservice-76f5d795cc-8c7mz,node-227,2026-03-24 09:30:05
checkoutservice-7b67c7c4c8-stjfw,node-227,2026-03-24 09:30:05
cartservice-7d5b58b444-hx8vh,node-227,2026-03-24 09:30:05
productcatalogservice-596d5c8f9f-gkz8l,node-219,2026-03-24 09:30:10
frontend,shippingservice,2026-03-24 09:30:10
checkoutservice-7b67c7c4c8-stjfw,node-227,2026-03-24 09:30:10
recommendationservice-5c8d676599-v4qcr,node-227,2026-03-24 09:30:10
frontend,recommendationservice,2026-03-24 09:30:10
checkoutservice,shippingservice,2026-03-24 09:30:10
shippingservice-f899f4b4c-wc9v4,node-221,2026-03-24 09:30:10
frontend,adservice,2026-03-24 09:30:10
checkoutservice,paymentservice,2026-03-24 09:30:10
checkoutservice,currencyservice,2026-03-24 09:30:10
cartservice-7d5b58b444-hx8vh,node-227,2026-03-24 09:30:10
frontend,currencyservice,2026-03-24 09:30:10
checkoutservice,productcatalogservice,2026-03-24 09:30:10
frontend,checkoutservice,2026-03-24 09:30:10
checkoutservice,emailservice,2026-03-24 09:30:10
adservice-b87685d75-vbkk7,node-227,2026-03-24 09:30:10
frontend,cartservice,2026-03-24 09:30:10
currencyservice-76f5d795cc-8c7mz,node-227,2026-03-24 09:30:10
paymentservice-54569c46cc-gpfvj,node-227,2026-03-24 09:30:10
emailservice-59c9565948-8g9bx,node-227,2026-03-24 09:30:10
recommendationservice,productcatalogservice,2026-03-24 09:30:10
frontend,productcatalogservice,2026-03-24 09:30:10
redis-cart-58fbf7f7c6-k7fnt,node-5,2026-03-24 09:30:10
checkoutservice,cartservice,2026-03-24 09:30:10
frontend-77cd85d5b4-qvc6w,node-5,2026-03-24 09:30:10
currencyservice-76f5d795cc-8c7mz,node-227,2026-03-24 09:30:15
frontend,currencyservice,2026-03-24 09:30:15
frontend,recommendationservice,2026-03-24 09:30:15
checkoutservice,cartservice,2026-03-24 09:30:15
checkoutservice,paymentservice,2026-03-24 09:30:15
productcatalogservice-596d5c8f9f-gkz8l,node-219,2026-03-24 09:30:15
checkoutservice-7b67c7c4c8-stjfw,node-227,2026-03-24 09:30:15
frontend-77cd85d5b4-qvc6w,node-5,2026-03-24 09:30:15
checkoutservice,productcatalogservice,2026-03-24 09:30:15
cartservice-7d5b58b444-hx8vh,node-227,2026-03-24 09:30:15
frontend,adservice,2026-03-24 09:30:15
shippingservice-f899f4b4c-wc9v4,node-221,2026-03-24 09:30:15
checkoutservice,currencyservice,2026-03-24 09:30:15
emailservice-59c9565948-8g9bx,node-227,2026-03-24 09:30:15
paymentservice-54569c46cc-gpfvj,node-227,2026-03-24 09:30:15
frontend,cartservice,2026-03-24 09:30:15
recommendationservice-5c8d676599-v4qcr,node-227,2026-03-24 09:30:15
adservice-b87685d75-vbkk7,node-227,2026-03-24 09:30:15
frontend,productcatalogservice,2026-03-24 09:30:15
checkoutservice,shippingservice,2026-03-24 09:30:15
frontend,checkoutservice,2026-03-24 09:30:15
redis-cart-58fbf7f7c6-k7fnt,node-5,2026-03-24 09:30:15
checkoutservice,emailservice,2026-03-24 09:30:15
frontend,shippingservice,2026-03-24 09:30:15
recommendationservice,productcatalogservice,2026-03-24 09:30:15
paymentservice-54569c46cc-gpfvj,node-227,2026-03-24 09:30:20
recommendationservice,productcatalogservice,2026-03-24 09:30:20
emailservice-59c9565948-8g9bx,node-227,2026-03-24 09:30:20
checkoutservice,currencyservice,2026-03-24 09:30:20
frontend,checkoutservice,2026-03-24 09:30:20
currencyservice-76f5d795cc-8c7mz,node-227,2026-03-24 09:30:20
shippingservice-f899f4b4c-wc9v4,node-221,2026-03-24 09:30:20
redis-cart-58fbf7f7c6-k7fnt,node-5,2026-03-24 09:30:20
frontend,adservice,2026-03-24 09:30:20
cartservice-7d5b58b444-hx8vh,node-227,2026-03-24 09:30:20
frontend,cartservice,2026-03-24 09:30:20
frontend-77cd85d5b4-qvc6w,node-5,2026-03-24 09:30:20
checkoutservice,paymentservice,2026-03-24 09:30:20
recommendationservice-5c8d676599-v4qcr,node-227,2026-03-24 09:30:20
frontend,shippingservice,2026-03-24 09:30:20
checkoutservice-7b67c7c4c8-stjfw,node-227,2026-03-24 09:30:20
adservice-b87685d75-vbkk7,node-227,2026-03-24 09:30:20
frontend,recommendationservice,2026-03-24 09:30:20
checkoutservice,emailservice,2026-03-24 09:30:20
checkoutservice,productcatalogservice,2026-03-24 09:30:20
checkoutservice,shippingservice,2026-03-24 09:30:20
checkoutservice,cartservice,2026-03-24 09:30:20
frontend,productcatalogservice,2026-03-24 09:30:20
productcatalogservice-596d5c8f9f-gkz8l,node-219,2026-03-24 09:30:20
frontend,currencyservice,2026-03-24 09:30:20
paymentservice-54569c46cc-gpfvj,node-227,2026-03-24 09:30:25
checkoutservice,currencyservice,2026-03-24 09:30:25
emailservice-59c9565948-8g9bx,node-227,2026-03-24 09:30:25
productcatalogservice-596d5c8f9f-gkz8l,node-219,2026-03-24 09:30:25
recommendationservice,productcatalogservice,2026-03-24 09:30:25
cartservice-7d5b58b444-hx8vh,node-227,2026-03-24 09:30:25
adservice-b87685d75-vbkk7,node-227,2026-03-24 09:30:25
checkoutservice,emailservice,2026-03-24 09:30:25
checkoutservice,paymentservice,2026-03-24 09:30:25
checkoutservice,productcatalogservice,2026-03-24 09:30:25
frontend,currencyservice,2026-03-24 09:30:25
currencyservice-76f5d795cc-8c7mz,node-227,2026-03-24 09:30:25
redis-cart-58fbf7f7c6-k7fnt,node-5,2026-03-24 09:30:25
frontend,recommendationservice,2026-03-24 09:30:25
frontend,checkoutservice,2026-03-24 09:30:25
recommendationservice-5c8d676599-v4qcr,node-227,2026-03-24 09:30:25
checkoutservice-7b67c7c4c8-stjfw,node-227,2026-03-24 09:30:25
frontend,productcatalogservice,2026-03-24 09:30:25
checkoutservice,shippingservice,2026-03-24 09:30:25
shippingservice-f899f4b4c-wc9v4,node-221,2026-03-24 09:30:25
frontend,shippingservice,2026-03-24 09:30:25
frontend,cartservice,2026-03-24 09:30:25
frontend-77cd85d5b4-qvc6w,node-5,2026-03-24 09:30:25
frontend,adservice,2026-03-24 09:30:25
checkoutservice,cartservice,2026-03-24 09:30:25
checkoutservice,cartservice,2026-03-24 09:30:30
checkoutservice,emailservice,2026-03-24 09:30:30
frontend,currencyservice,2026-03-24 09:30:30
adservice-b87685d75-vbkk7,node-227,2026-03-24 09:30:30
shippingservice-f899f4b4c-wc9v4,node-221,2026-03-24 09:30:30
emailservice-59c9565948-8g9bx,node-227,2026-03-24 09:30:30
recommendationservice-5c8d676599-v4qcr,node-227,2026-03-24 09:30:30
frontend-77cd85d5b4-qvc6w,node-5,2026-03-24 09:30:30
checkoutservice,shippingservice,2026-03-24 09:30:30
recommendationservice,productcatalogservice,2026-03-24 09:30:30
cartservice-7d5b58b444-hx8vh,node-227,2026-03-24 09:30:30
checkoutservice,paymentservice,2026-03-24 09:30:30
frontend,productcatalogservice,2026-03-24 09:30:30
checkoutservice-7b67c7c4c8-stjfw,node-227,2026-03-24 09:30:30
frontend,adservice,2026-03-24 09:30:30
frontend,checkoutservice,2026-03-24 09:30:30
frontend,shippingservice,2026-03-24 09:30:30
redis-cart-58fbf7f7c6-k7fnt,node-5,2026-03-24 09:30:30
frontend,cartservice,2026-03-24 09:30:30
checkoutservice,currencyservice,2026-03-24 09:30:30
productcatalogservice-596d5c8f9f-gkz8l,node-219,2026-03-24 09:30:30
paymentservice-54569c46cc-gpfvj,node-227,2026-03-24 09:30:30
currencyservice-76f5d795cc-8c7mz,node-227,2026-03-24 09:30:30
checkoutservice,productcatalogservice,2026-03-24 09:30:30
frontend,recommendationservice,2026-03-24 09:30:30
frontend,recommendationservice,2026-03-24 09:30:35
frontend,productcatalogservice,2026-03-24 09:30:35
checkoutservice,shippingservice,2026-03-24 09:30:35
checkoutservice,productcatalogservice,2026-03-24 09:30:35
paymentservice-54569c46cc-gpfvj,node-227,2026-03-24 09:30:35
checkoutservice,emailservice,2026-03-24 09:30:35
recommendationservice-5c8d676599-v4qcr,node-227,2026-03-24 09:30:35
productcatalogservice-596d5c8f9f-gkz8l,node-219,2026-03-24 09:30:35
frontend,currencyservice,2026-03-24 09:30:35
frontend,shippingservice,2026-03-24 09:30:35
checkoutservice-7b67c7c4c8-stjfw,node-227,2026-03-24 09:30:35
checkoutservice,cartservice,2026-03-24 09:30:35
redis-cart-58fbf7f7c6-k7fnt,node-5,2026-03-24 09:30:35
checkoutservice,paymentservice,2026-03-24 09:30:35
cartservice-7d5b58b444-hx8vh,node-227,2026-03-24 09:30:35
recommendationservice,productcatalogservice,2026-03-24 09:30:35
checkoutservice,currencyservice,2026-03-24 09:30:35
frontend,cartservice,2026-03-24 09:30:35
emailservice-59c9565948-8g9bx,node-227,2026-03-24 09:30:35
currencyservice-76f5d795cc-8c7mz,node-227,2026-03-24 09:30:35
frontend-77cd85d5b4-qvc6w,node-5,2026-03-24 09:30:35
adservice-b87685d75-vbkk7,node-227,2026-03-24 09:30:35
frontend,checkoutservice,2026-03-24 09:30:35
shippingservice-f899f4b4c-wc9v4,node-221,2026-03-24 09:30:35
frontend,adservice,2026-03-24 09:30:35
checkoutservice,productcatalogservice,2026-03-24 09:30:40
frontend,checkoutservice,2026-03-24 09:30:40
redis-cart-58fbf7f7c6-k7fnt,node-5,2026-03-24 09:30:40
recommendationservice,productcatalogservice,2026-03-24 09:30:40
checkoutservice,cartservice,2026-03-24 09:30:40
emailservice-59c9565948-8g9bx,node-227,2026-03-24 09:30:40
frontend,shippingservice,2026-03-24 09:30:40
checkoutservice,emailservice,2026-03-24 09:30:40
checkoutservice-7b67c7c4c8-stjfw,node-227,2026-03-24 09:30:40
frontend,recommendationservice,2026-03-24 09:30:40
frontend,productcatalogservice,2026-03-24 09:30:40
currencyservice-76f5d795cc-8c7mz,node-227,2026-03-24 09:30:40
shippingservice-f899f4b4c-wc9v4,node-221,2026-03-24 09:30:40
adservice-b87685d75-vbkk7,node-227,2026-03-24 09:30:40
frontend,adservice,2026-03-24 09:30:40
checkoutservice,currencyservice,2026-03-24 09:30:40
frontend-77cd85d5b4-qvc6w,node-5,2026-03-24 09:30:40
frontend,cartservice,2026-03-24 09:30:40
recommendationservice-5c8d676599-v4qcr,node-227,2026-03-24 09:30:40
cartservice-7d5b58b444-hx8vh,node-227,2026-03-24 09:30:40
checkoutservice,shippingservice,2026-03-24 09:30:40
checkoutservice,paymentservice,2026-03-24 09:30:40
paymentservice-54569c46cc-gpfvj,node-227,2026-03-24 09:30:40
frontend,currencyservice,2026-03-24 09:30:40
productcatalogservice-596d5c8f9f-gkz8l,node-219,2026-03-24 09:30:40
cartservice-7d5b58b444-hx8vh,node-227,2026-03-24 09:30:45
checkoutservice,currencyservice,2026-03-24 09:30:45
frontend,currencyservice,2026-03-24 09:30:45
frontend,checkoutservice,2026-03-24 09:30:45
currencyservice-76f5d795cc-8c7mz,node-227,2026-03-24 09:30:45
frontend,adservice,2026-03-24 09:30:45
checkoutservice-7b67c7c4c8-stjfw,node-227,2026-03-24 09:30:45
paymentservice-54569c46cc-gpfvj,node-227,2026-03-24 09:30:45
recommendationservice-5c8d676599-v4qcr,node-227,2026-03-24 09:30:45
checkoutservice,cartservice,2026-03-24 09:30:45
frontend,cartservice,2026-03-24 09:30:45
emailservice-59c9565948-8g9bx,node-227,2026-03-24 09:30:45
adservice-b87685d75-vbkk7,node-227,2026-03-24 09:30:45
frontend,productcatalogservice,2026-03-24 09:30:45
checkoutservice,emailservice,2026-03-24 09:30:45
checkoutservice,shippingservice,2026-03-24 09:30:45
checkoutservice,paymentservice,2026-03-24 09:30:45
shippingservice-f899f4b4c-wc9v4,node-221,2026-03-24 09:30:45
frontend-77cd85d5b4-qvc6w,node-5,2026-03-24 09:30:45
redis-cart-58fbf7f7c6-k7fnt,node-5,2026-03-24 09:30:45
recommendationservice,productcatalogservice,2026-03-24 09:30:45
frontend,shippingservice,2026-03-24 09:30:45
productcatalogservice-596d5c8f9f-gkz8l,node-219,2026-03-24 09:30:45
checkoutservice,productcatalogservice,2026-03-24 09:30:45
frontend,recommendationservice,2026-03-24 09:30:45
checkoutservice,cartservice,2026-03-24 09:30:50
frontend,shippingservice,2026-03-24 09:30:50
cartservice-7d5b58b444-hx8vh,node-227,2026-03-24 09:30:50
emailservice-59c9565948-8g9bx,node-227,2026-03-24 09:30:50
recommendationservice,productcatalogservice,2026-03-24 09:30:50
shippingservice-f899f4b4c-wc9v4,node-221,2026-03-24 09:30:50
checkoutservice,emailservice,2026-03-24 09:30:50
frontend,cartservice,2026-03-24 09:30:50
paymentservice-54569c46cc-gpfvj,node-227,2026-03-24 09:30:50
checkoutservice,currencyservice,2026-03-24 09:30:50
currencyservice-76f5d795cc-8c7mz,node-227,2026-03-24 09:30:50
frontend,productcatalogservice,2026-03-24 09:30:50
redis-cart-58fbf7f7c6-k7fnt,node-5,2026-03-24 09:30:50
frontend,checkoutservice,2026-03-24 09:30:50
checkoutservice-7b67c7c4c8-stjfw,node-227,2026-03-24 09:30:50
productcatalogservice-596d5c8f9f-gkz8l,node-219,2026-03-24 09:30:50
checkoutservice,productcatalogservice,2026-03-24 09:30:50
frontend-77cd85d5b4-qvc6w,node-5,2026-03-24 09:30:50
frontend,currencyservice,2026-03-24 09:30:50
checkoutservice,paymentservice,2026-03-24 09:30:50
checkoutservice,shippingservice,2026-03-24 09:30:50
adservice-b87685d75-vbkk7,node-227,2026-03-24 09:30:50
frontend,adservice,2026-03-24 09:30:50
recommendationservice-5c8d676599-v4qcr,node-227,2026-03-24 09:30:50
frontend,recommendationservice,2026-03-24 09:30:50
frontend-77cd85d5b4-qvc6w,node-5,2026-03-24 09:30:55
frontend,checkoutservice,2026-03-24 09:30:55
shippingservice-f899f4b4c-wc9v4,node-221,2026-03-24 09:30:55
frontend,recommendationservice,2026-03-24 09:30:55
checkoutservice,productcatalogservice,2026-03-24 09:30:55
checkoutservice,currencyservice,2026-03-24 09:30:55
checkoutservice,paymentservice,2026-03-24 09:30:55
adservice-b87685d75-vbkk7,node-227,2026-03-24 09:30:55
redis-cart-58fbf7f7c6-k7fnt,node-5,2026-03-24 09:30:55
cartservice-7d5b58b444-hx8vh,node-227,2026-03-24 09:30:55
checkoutservice,cartservice,2026-03-24 09:30:55
frontend,adservice,2026-03-24 09:30:55
emailservice-59c9565948-8g9bx,node-227,2026-03-24 09:30:55
checkoutservice,shippingservice,2026-03-24 09:30:55
currencyservice-76f5d795cc-8c7mz,node-227,2026-03-24 09:30:55
frontend,currencyservice,2026-03-24 09:30:55
checkoutservice,emailservice,2026-03-24 09:30:55
paymentservice-54569c46cc-gpfvj,node-227,2026-03-24 09:30:55
productcatalogservice-596d5c8f9f-gkz8l,node-219,2026-03-24 09:30:55
frontend,shippingservice,2026-03-24 09:30:55
recommendationservice-5c8d676599-v4qcr,node-227,2026-03-24 09:30:55
recommendationservice,productcatalogservice,2026-03-24 09:30:55
frontend,productcatalogservice,2026-03-24 09:30:55
frontend,cartservice,2026-03-24 09:30:55
checkoutservice-7b67c7c4c8-stjfw,node-227,2026-03-24 09:30:55
checkoutservice,shippingservice,2026-03-24 09:31:00
frontend-77cd85d5b4-qvc6w,node-5,2026-03-24 09:31:00
currencyservice-76f5d795cc-8c7mz,node-227,2026-03-24 09:31:00
paymentservice-54569c46cc-gpfvj,node-227,2026-03-24 09:31:00
adservice-b87685d75-vbkk7,node-227,2026-03-24 09:31:00
recommendationservice-5c8d676599-v4qcr,node-227,2026-03-24 09:31:00
redis-cart-58fbf7f7c6-k7fnt,node-5,2026-03-24 09:31:00
frontend,cartservice,2026-03-24 09:31:00
frontend,productcatalogservice,2026-03-24 09:31:00
checkoutservice,productcatalogservice,2026-03-24 09:31:00
checkoutservice,cartservice,2026-03-24 09:31:00
frontend,currencyservice,2026-03-24 09:31:00
checkoutservice,emailservice,2026-03-24 09:31:00
frontend,adservice,2026-03-24 09:31:00
frontend,shippingservice,2026-03-24 09:31:00
productcatalogservice-596d5c8f9f-gkz8l,node-219,2026-03-24 09:31:00
recommendationservice,productcatalogservice,2026-03-24 09:31:00
checkoutservice-7b67c7c4c8-stjfw,node-227,2026-03-24 09:31:00
checkoutservice,currencyservice,2026-03-24 09:31:00
frontend,checkoutservice,2026-03-24 09:31:00
emailservice-59c9565948-8g9bx,node-227,2026-03-24 09:31:00
shippingservice-f899f4b4c-wc9v4,node-221,2026-03-24 09:31:00
checkoutservice,paymentservice,2026-03-24 09:31:00
frontend,recommendationservice,2026-03-24 09:31:00
cartservice-7d5b58b444-hx8vh,node-227,2026-03-24 09:31:00
adservice-b87685d75-vbkk7,node-227,2026-03-24 09:31:05
frontend,checkoutservice,2026-03-24 09:31:05
checkoutservice,productcatalogservice,2026-03-24 09:31:05
recommendationservice-5c8d676599-v4qcr,node-227,2026-03-24 09:31:05
productcatalogservice-596d5c8f9f-gkz8l,node-219,2026-03-24 09:31:05
checkoutservice,emailservice,2026-03-24 09:31:05
checkoutservice-7b67c7c4c8-stjfw,node-227,2026-03-24 09:31:05
redis-cart-58fbf7f7c6-k7fnt,node-5,2026-03-24 09:31:05
frontend,currencyservice,2026-03-24 09:31:05
currencyservice-76f5d795cc-8c7mz,node-227,2026-03-24 09:31:05
paymentservice-54569c46cc-gpfvj,node-227,2026-03-24 09:31:05
frontend,adservice,2026-03-24 09:31:05
frontend,shippingservice,2026-03-24 09:31:05
recommendationservice,productcatalogservice,2026-03-24 09:31:05
checkoutservice,cartservice,2026-03-24 09:31:05
checkoutservice,currencyservice,2026-03-24 09:31:05
shippingservice-f899f4b4c-wc9v4,node-221,2026-03-24 09:31:05
checkoutservice,paymentservice,2026-03-24 09:31:05
cartservice-7d5b58b444-hx8vh,node-227,2026-03-24 09:31:05
emailservice-59c9565948-8g9bx,node-227,2026-03-24 09:31:05
frontend-77cd85d5b4-qvc6w,node-5,2026-03-24 09:31:05
frontend,recommendationservice,2026-03-24 09:31:05
checkoutservice,shippingservice,2026-03-24 09:31:05
frontend,cartservice,2026-03-24 09:31:05
frontend,productcatalogservice,2026-03-24 09:31:05
frontend,cartservice,2026-03-24 09:31:10
paymentservice-54569c46cc-gpfvj,node-227,2026-03-24 09:31:10
frontend,adservice,2026-03-24 09:31:10
recommendationservice-5c8d676599-v4qcr,node-227,2026-03-24 09:31:10
frontend,shippingservice,2026-03-24 09:31:10
recommendationservice,productcatalogservice,2026-03-24 09:31:10
checkoutservice,productcatalogservice,2026-03-24 09:31:10
frontend-77cd85d5b4-qvc6w,node-5,2026-03-24 09:31:10
checkoutservice,cartservice,2026-03-24 09:31:10
checkoutservice-7b67c7c4c8-stjfw,node-227,2026-03-24 09:31:10
frontend,checkoutservice,2026-03-24 09:31:10
emailservice-59c9565948-8g9bx,node-227,2026-03-24 09:31:10
checkoutservice,shippingservice,2026-03-24 09:31:10
frontend,recommendationservice,2026-03-24 09:31:10
redis-cart-58fbf7f7c6-k7fnt,node-5,2026-03-24 09:31:10
frontend,productcatalogservice,2026-03-24 09:31:10
currencyservice-76f5d795cc-8c7mz,node-227,2026-03-24 09:31:10
cartservice-7d5b58b444-hx8vh,node-227,2026-03-24 09:31:10
productcatalogservice-596d5c8f9f-gkz8l,node-219,2026-03-24 09:31:10
checkoutservice,paymentservice,2026-03-24 09:31:10
checkoutservice,currencyservice,2026-03-24 09:31:10
shippingservice-f899f4b4c-wc9v4,node-221,2026-03-24 09:31:10
checkoutservice,emailservice,2026-03-24 09:31:10
adservice-b87685d75-vbkk7,node-227,2026-03-24 09:31:10
frontend,currencyservice,2026-03-24 09:31:10
productcatalogservice-596d5c8f9f-gkz8l,node-219,2026-03-24 09:31:15
paymentservice-54569c46cc-gpfvj,node-227,2026-03-24 09:31:15
frontend,currencyservice,2026-03-24 09:31:15
checkoutservice,productcatalogservice,2026-03-24 09:31:15
cartservice-7d5b58b444-hx8vh,node-227,2026-03-24 09:31:15
shippingservice-f899f4b4c-wc9v4,node-221,2026-03-24 09:31:15
redis-cart-58fbf7f7c6-k7fnt,node-5,2026-03-24 09:31:15
frontend,shippingservice,2026-03-24 09:31:15
emailservice-59c9565948-8g9bx,node-227,2026-03-24 09:31:15
recommendationservice,productcatalogservice,2026-03-24 09:31:15
checkoutservice,emailservice,2026-03-24 09:31:15
frontend,checkoutservice,2026-03-24 09:31:15
frontend-77cd85d5b4-qvc6w,node-5,2026-03-24 09:31:15
adservice-b87685d75-vbkk7,node-227,2026-03-24 09:31:15
frontend,cartservice,2026-03-24 09:31:15
frontend,productcatalogservice,2026-03-24 09:31:15
checkoutservice-7b67c7c4c8-stjfw,node-227,2026-03-24 09:31:15
recommendationservice-5c8d676599-v4qcr,node-227,2026-03-24 09:31:15
currencyservice-76f5d795cc-8c7mz,node-227,2026-03-24 09:31:15
checkoutservice,shippingservice,2026-03-24 09:31:15
checkoutservice,cartservice,2026-03-24 09:31:15
checkoutservice,currencyservice,2026-03-24 09:31:15
frontend,recommendationservice,2026-03-24 09:31:15
checkoutservice,paymentservice,2026-03-24 09:31:15
frontend,adservice,2026-03-24 09:31:15
frontend-77cd85d5b4-qvc6w,node-5,2026-03-24 09:31:20
checkoutservice,paymentservice,2026-03-24 09:31:20
currencyservice-76f5d795cc-8c7mz,node-227,2026-03-24 09:31:20
redis-cart-58fbf7f7c6-k7fnt,node-5,2026-03-24 09:31:20
shippingservice-f899f4b4c-wc9v4,node-221,2026-03-24 09:31:20
frontend,productcatalogservice,2026-03-24 09:31:20
emailservice-59c9565948-8g9bx,node-227,2026-03-24 09:31:20
cartservice-7d5b58b444-hx8vh,node-227,2026-03-24 09:31:20
checkoutservice,currencyservice,2026-03-24 09:31:20
checkoutservice,cartservice,2026-03-24 09:31:20
frontend,shippingservice,2026-03-24 09:31:20
frontend,adservice,2026-03-24 09:31:20
adservice-b87685d75-vbkk7,node-227,2026-03-24 09:31:20
checkoutservice-7b67c7c4c8-stjfw,node-227,2026-03-24 09:31:20
frontend,checkoutservice,2026-03-24 09:31:20
paymentservice-54569c46cc-gpfvj,node-227,2026-03-24 09:31:20
frontend,recommendationservice,2026-03-24 09:31:20
checkoutservice,productcatalogservice,2026-03-24 09:31:20
frontend,currencyservice,2026-03-24 09:31:20
recommendationservice-5c8d676599-v4qcr,node-227,2026-03-24 09:31:20
frontend,cartservice,2026-03-24 09:31:20
productcatalogservice-596d5c8f9f-gkz8l,node-219,2026-03-24 09:31:20
recommendationservice,productcatalogservice,2026-03-24 09:31:20
checkoutservice,emailservice,2026-03-24 09:31:20
checkoutservice,shippingservice,2026-03-24 09:31:20
frontend,productcatalogservice,2026-03-24 09:31:25
recommendationservice-5c8d676599-v4qcr,node-227,2026-03-24 09:31:25
frontend-77cd85d5b4-qvc6w,node-5,2026-03-24 09:31:25
adservice-b87685d75-vbkk7,node-227,2026-03-24 09:31:25
checkoutservice,cartservice,2026-03-24 09:31:25
frontend,recommendationservice,2026-03-24 09:31:25
frontend,currencyservice,2026-03-24 09:31:25
shippingservice-f899f4b4c-wc9v4,node-221,2026-03-24 09:31:25
frontend,adservice,2026-03-24 09:31:25
cartservice-7d5b58b444-hx8vh,node-227,2026-03-24 09:31:25
paymentservice-54569c46cc-gpfvj,node-227,2026-03-24 09:31:25
checkoutservice,emailservice,2026-03-24 09:31:25
frontend,shippingservice,2026-03-24 09:31:25
recommendationservice,productcatalogservice,2026-03-24 09:31:25
checkoutservice,shippingservice,2026-03-24 09:31:25
frontend,cartservice,2026-03-24 09:31:25
emailservice-59c9565948-8g9bx,node-227,2026-03-24 09:31:25
checkoutservice-7b67c7c4c8-stjfw,node-227,2026-03-24 09:31:25
checkoutservice,currencyservice,2026-03-24 09:31:25
checkoutservice,paymentservice,2026-03-24 09:31:25
frontend,checkoutservice,2026-03-24 09:31:25
redis-cart-58fbf7f7c6-k7fnt,node-5,2026-03-24 09:31:25
checkoutservice,productcatalogservice,2026-03-24 09:31:25
productcatalogservice-596d5c8f9f-gkz8l,node-219,2026-03-24 09:31:25
currencyservice-76f5d795cc-8c7mz,node-227,2026-03-24 09:31:25
cartservice-7d5b58b444-hx8vh,node-227,2026-03-24 09:31:30
checkoutservice,paymentservice,2026-03-24 09:31:30
redis-cart-58fbf7f7c6-k7fnt,node-5,2026-03-24 09:31:30
emailservice-59c9565948-8g9bx,node-227,2026-03-24 09:31:30
recommendationservice-5c8d676599-v4qcr,node-227,2026-03-24 09:31:30
checkoutservice,cartservice,2026-03-24 09:31:30
productcatalogservice-596d5c8f9f-gkz8l,node-219,2026-03-24 09:31:30
checkoutservice-7b67c7c4c8-stjfw,node-227,2026-03-24 09:31:30
recommendationservice,productcatalogservice,2026-03-24 09:31:30
frontend,shippingservice,2026-03-24 09:31:30
checkoutservice,emailservice,2026-03-24 09:31:30
checkoutservice,productcatalogservice,2026-03-24 09:31:30
adservice-b87685d75-vbkk7,node-227,2026-03-24 09:31:30
paymentservice-54569c46cc-gpfvj,node-227,2026-03-24 09:31:30
frontend,adservice,2026-03-24 09:31:30
frontend,checkoutservice,2026-03-24 09:31:30
frontend,currencyservice,2026-03-24 09:31:30
frontend,recommendationservice,2026-03-24 09:31:30
shippingservice-f899f4b4c-wc9v4,node-221,2026-03-24 09:31:30
frontend-77cd85d5b4-qvc6w,node-5,2026-03-24 09:31:30
checkoutservice,shippingservice,2026-03-24 09:31:30
frontend,cartservice,2026-03-24 09:31:30
checkoutservice,currencyservice,2026-03-24 09:31:30
currencyservice-76f5d795cc-8c7mz,node-227,2026-03-24 09:31:30
frontend,productcatalogservice,2026-03-24 09:31:30
checkoutservice,cartservice,2026-03-24 09:31:35
productcatalogservice-596d5c8f9f-gkz8l,node-219,2026-03-24 09:31:35
adservice-b87685d75-vbkk7,node-227,2026-03-24 09:31:35
shippingservice-f899f4b4c-wc9v4,node-221,2026-03-24 09:31:35
emailservice-59c9565948-8g9bx,node-227,2026-03-24 09:31:35
currencyservice-76f5d795cc-8c7mz,node-227,2026-03-24 09:31:35
checkoutservice,emailservice,2026-03-24 09:31:35
redis-cart-58fbf7f7c6-k7fnt,node-5,2026-03-24 09:31:35
frontend,adservice,2026-03-24 09:31:35
frontend,cartservice,2026-03-24 09:31:35
paymentservice-54569c46cc-gpfvj,node-227,2026-03-24 09:31:35
checkoutservice,paymentservice,2026-03-24 09:31:35
recommendationservice-5c8d676599-v4qcr,node-227,2026-03-24 09:31:35
checkoutservice,shippingservice,2026-03-24 09:31:35
checkoutservice-7b67c7c4c8-stjfw,node-227,2026-03-24 09:31:35
frontend,shippingservice,2026-03-24 09:31:35
frontend-77cd85d5b4-qvc6w,node-5,2026-03-24 09:31:35
checkoutservice,currencyservice,2026-03-24 09:31:35
frontend,productcatalogservice,2026-03-24 09:31:35
frontend,currencyservice,2026-03-24 09:31:35
checkoutservice,productcatalogservice,2026-03-24 09:31:35
frontend,checkoutservice,2026-03-24 09:31:35
frontend,recommendationservice,2026-03-24 09:31:35
cartservice-7d5b58b444-hx8vh,node-227,2026-03-24 09:31:35
recommendationservice,productcatalogservice,2026-03-24 09:31:35
checkoutservice,productcatalogservice,2026-03-24 09:31:40
shippingservice-f899f4b4c-wc9v4,node-221,2026-03-24 09:31:40
checkoutservice,emailservice,2026-03-24 09:31:40
frontend,recommendationservice,2026-03-24 09:31:40
productcatalogservice-596d5c8f9f-gkz8l,node-219,2026-03-24 09:31:40
frontend,shippingservice,2026-03-24 09:31:40
recommendationservice,productcatalogservice,2026-03-24 09:31:40
checkoutservice,currencyservice,2026-03-24 09:31:40
paymentservice-54569c46cc-gpfvj,node-227,2026-03-24 09:31:40
frontend,currencyservice,2026-03-24 09:31:40
frontend-77cd85d5b4-qvc6w,node-5,2026-03-24 09:31:40
recommendationservice-5c8d676599-v4qcr,node-227,2026-03-24 09:31:40
checkoutservice,shippingservice,2026-03-24 09:31:40
frontend,checkoutservice,2026-03-24 09:31:40
frontend,cartservice,2026-03-24 09:31:40
cartservice-7d5b58b444-hx8vh,node-227,2026-03-24 09:31:40
frontend,productcatalogservice,2026-03-24 09:31:40
checkoutservice,cartservice,2026-03-24 09:31:40
checkoutservice,paymentservice,2026-03-24 09:31:40
redis-cart-58fbf7f7c6-k7fnt,node-5,2026-03-24 09:31:40
emailservice-59c9565948-8g9bx,node-227,2026-03-24 09:31:40
adservice-b87685d75-vbkk7,node-227,2026-03-24 09:31:40
checkoutservice-7b67c7c4c8-stjfw,node-227,2026-03-24 09:31:40
frontend,adservice,2026-03-24 09:31:40
currencyservice-76f5d795cc-8c7mz,node-227,2026-03-24 09:31:40
checkoutservice,emailservice,2026-03-24 09:31:45
frontend,adservice,2026-03-24 09:31:45
frontend,cartservice,2026-03-24 09:31:45
checkoutservice,productcatalogservice,2026-03-24 09:31:45
currencyservice-76f5d795cc-8c7mz,node-227,2026-03-24 09:31:45
frontend,checkoutservice,2026-03-24 09:31:45
productcatalogservice-596d5c8f9f-gkz8l,node-219,2026-03-24 09:31:45
paymentservice-54569c46cc-gpfvj,node-227,2026-03-24 09:31:45
frontend,currencyservice,2026-03-24 09:31:45
frontend,shippingservice,2026-03-24 09:31:45
checkoutservice-7b67c7c4c8-stjfw,node-227,2026-03-24 09:31:45
frontend-77cd85d5b4-qvc6w,node-5,2026-03-24 09:31:45
frontend,productcatalogservice,2026-03-24 09:31:45
checkoutservice,shippingservice,2026-03-24 09:31:45
cartservice-7d5b58b444-hx8vh,node-227,2026-03-24 09:31:45
checkoutservice,paymentservice,2026-03-24 09:31:45
emailservice-59c9565948-8g9bx,node-227,2026-03-24 09:31:45
recommendationservice-5c8d676599-v4qcr,node-227,2026-03-24 09:31:45
redis-cart-58fbf7f7c6-k7fnt,node-5,2026-03-24 09:31:45
shippingservice-f899f4b4c-wc9v4,node-221,2026-03-24 09:31:45
checkoutservice,cartservice,2026-03-24 09:31:45
frontend,recommendationservice,2026-03-24 09:31:45
recommendationservice,productcatalogservice,2026-03-24 09:31:45
checkoutservice,currencyservice,2026-03-24 09:31:45
adservice-b87685d75-vbkk7,node-227,2026-03-24 09:31:45
checkoutservice-7b67c7c4c8-stjfw,node-227,2026-03-24 09:31:50
frontend-77cd85d5b4-qvc6w,node-5,2026-03-24 09:31:50
frontend,productcatalogservice,2026-03-24 09:31:50
frontend,cartservice,2026-03-24 09:31:50
recommendationservice,productcatalogservice,2026-03-24 09:31:50
checkoutservice,currencyservice,2026-03-24 09:31:50
cartservice-7d5b58b444-hx8vh,node-227,2026-03-24 09:31:50
frontend,currencyservice,2026-03-24 09:31:50
checkoutservice,productcatalogservice,2026-03-24 09:31:50
checkoutservice,paymentservice,2026-03-24 09:31:50
checkoutservice,shippingservice,2026-03-24 09:31:50
frontend,recommendationservice,2026-03-24 09:31:50
frontend,adservice,2026-03-24 09:31:50
currencyservice-76f5d795cc-8c7mz,node-227,2026-03-24 09:31:50
adservice-b87685d75-vbkk7,node-227,2026-03-24 09:31:50
shippingservice-f899f4b4c-wc9v4,node-221,2026-03-24 09:31:50
paymentservice-54569c46cc-gpfvj,node-227,2026-03-24 09:31:50
checkoutservice,cartservice,2026-03-24 09:31:50
frontend,shippingservice,2026-03-24 09:31:50
recommendationservice-5c8d676599-v4qcr,node-227,2026-03-24 09:31:50
checkoutservice,emailservice,2026-03-24 09:31:50
redis-cart-58fbf7f7c6-k7fnt,node-5,2026-03-24 09:31:50
productcatalogservice-596d5c8f9f-gkz8l,node-219,2026-03-24 09:31:50
frontend,checkoutservice,2026-03-24 09:31:50
emailservice-59c9565948-8g9bx,node-227,2026-03-24 09:31:50
adservice-b87685d75-vbkk7,node-227,2026-03-24 09:31:55
frontend,checkoutservice,2026-03-24 09:31:55
checkoutservice-7b67c7c4c8-stjfw,node-227,2026-03-24 09:31:55
frontend,recommendationservice,2026-03-24 09:31:55
frontend,cartservice,2026-03-24 09:31:55
checkoutservice,shippingservice,2026-03-24 09:31:55
frontend-77cd85d5b4-qvc6w,node-5,2026-03-24 09:31:55
frontend,adservice,2026-03-24 09:31:55
frontend,productcatalogservice,2026-03-24 09:31:55
cartservice-7d5b58b444-hx8vh,node-227,2026-03-24 09:31:55
checkoutservice,paymentservice,2026-03-24 09:31:55
emailservice-59c9565948-8g9bx,node-227,2026-03-24 09:31:55
checkoutservice,cartservice,2026-03-24 09:31:55
redis-cart-58fbf7f7c6-k7fnt,node-5,2026-03-24 09:31:55
frontend,currencyservice,2026-03-24 09:31:55
checkoutservice,currencyservice,2026-03-24 09:31:55
recommendationservice-5c8d676599-v4qcr,node-227,2026-03-24 09:31:55
checkoutservice,productcatalogservice,2026-03-24 09:31:55
recommendationservice,productcatalogservice,2026-03-24 09:31:55
checkoutservice,emailservice,2026-03-24 09:31:55
currencyservice-76f5d795cc-8c7mz,node-227,2026-03-24 09:31:55
productcatalogservice-596d5c8f9f-gkz8l,node-219,2026-03-24 09:31:55
paymentservice-54569c46cc-gpfvj,node-227,2026-03-24 09:31:55
shippingservice-f899f4b4c-wc9v4,node-221,2026-03-24 09:31:55
frontend,shippingservice,2026-03-24 09:31:55
checkoutservice-7b67c7c4c8-stjfw,node-227,2026-03-24 09:32:00
frontend,cartservice,2026-03-24 09:32:00
checkoutservice,shippingservice,2026-03-24 09:32:00
checkoutservice,currencyservice,2026-03-24 09:32:00
cartservice-7d5b58b444-hx8vh,node-227,2026-03-24 09:32:00
frontend,productcatalogservice,2026-03-24 09:32:00
frontend-77cd85d5b4-qvc6w,node-5,2026-03-24 09:32:00
emailservice-59c9565948-8g9bx,node-227,2026-03-24 09:32:00
checkoutservice,cartservice,2026-03-24 09:32:00
redis-cart-58fbf7f7c6-k7fnt,node-5,2026-03-24 09:32:00
shippingservice-f899f4b4c-wc9v4,node-221,2026-03-24 09:32:00
checkoutservice,emailservice,2026-03-24 09:32:00
frontend,checkoutservice,2026-03-24 09:32:00
checkoutservice,productcatalogservice,2026-03-24 09:32:00
frontend,shippingservice,2026-03-24 09:32:00
currencyservice-76f5d795cc-8c7mz,node-227,2026-03-24 09:32:00
checkoutservice,paymentservice,2026-03-24 09:32:00
productcatalogservice-596d5c8f9f-gkz8l,node-219,2026-03-24 09:32:00
paymentservice-54569c46cc-gpfvj,node-227,2026-03-24 09:32:00
frontend,adservice,2026-03-24 09:32:00
frontend,currencyservice,2026-03-24 09:32:00
adservice-b87685d75-vbkk7,node-227,2026-03-24 09:32:00
frontend,recommendationservice,2026-03-24 09:32:00
recommendationservice,productcatalogservice,2026-03-24 09:32:00
recommendationservice-5c8d676599-v4qcr,node-227,2026-03-24 09:32:00
