details-v1&cpu_usage,details-v1&cpu_limit,details-v1&mem_usage,details-v1&mem_usage_rate,details-v1&mem_limit,details-v1&fs_usage,details-v1&fs_write,details-v1&fs_read,details-v1&net_receive,details-v1&net_trainsmit,productpage-v1&cpu_usage,productpage-v1&cpu_limit,productpage-v1&mem_usage,productpage-v1&mem_usage_rate,productpage-v1&mem_limit,productpage-v1&fs_usage,productpage-v1&fs_write,productpage-v1&fs_read,productpage-v1&net_receive,productpage-v1&net_trainsmit,ratings-v1&cpu_usage,ratings-v1&cpu_limit,ratings-v1&mem_usage,ratings-v1&mem_usage_rate,ratings-v1&mem_limit,ratings-v1&fs_usage,ratings-v1&fs_write,ratings-v1&fs_read,ratings-v1&net_receive,ratings-v1&net_trainsmit,reviews-v1&cpu_usage,reviews-v1&cpu_limit,reviews-v1&mem_usage,reviews-v1&mem_usage_rate,reviews-v1&mem_limit,reviews-v1&fs_usage,reviews-v1&fs_write,reviews-v1&fs_read,reviews-v1&net_receive,reviews-v1&net_trainsmit,reviews-v2&cpu_usage,reviews-v2&cpu_limit,reviews-v2&mem_usage,reviews-v2&mem_usage_rate,reviews-v2&mem_limit,reviews-v2&fs_usage,reviews-v2&fs_write,reviews-v2&fs_read,reviews-v2&net_receive,reviews-v2&net_trainsmit,reviews-v3&cpu_usage,reviews-v3&cpu_limit,reviews-v3&mem_usage,reviews-v3&mem_usage_rate,reviews-v3&mem_limit,reviews-v3&fs_usage,reviews-v3&fs_write,reviews-v3&fs_read,reviews-v3&net_receive,reviews-v3&net_trainsmit,timestamp
0.058386359933347974,0.0,211.27734375,0.9270833333333334,1024.0,0.0018229166666666667,0.0,0.0,6.621126302083334,53.24384765625,0.2234630500333727,0.0,767.69921875,0.12109375,1024.0,0.0,0.0,0.0,24.485384114583333,288.53427734375,0.038426269433306834,0.0,223.55078125,0.05468750000000001,1024.0,0.0,0.0,0.0,6.09873046875,82.22747395833333,0.030954683433355966,0.0,371.2890625,0.02578125,1024.0,0.0,0.0,0.0,3.7205403645833335,57.12513020833333,0.0345457177333022,0.0,383.31640625,6.380729166666666,1024.0,0.0,0.0,0.0,5.523470052083334,85.00647786458333,0.029605877233355688,0.0,426.87109375,0.000390625,1024.0,0.0,0.0,0.0,3.02138671875,38.41158854166667,2026-03-24 10:55:00
0.10383880026664372,0.0,212.3984375,0.037369791666666666,1024.0,0.0,0.0,0.0,17.07802734375,98.98987630208333,0.4927192338666373,0.0,769.07421875,12.856380208333333,1024.0,0.0,0.0,0.0,34.025325520833334,302.35537109375,0.05060338850004918,0.0,223.3828125,1.567057291666667,1024.0,0.00039062500000000013,0.0,0.0,9.69586588541667,66.89016927083335,0.03986262450001353,0.0,371.4609375,0.005729166666666666,1024.0,0.0,0.0,0.0,4.445345052083334,40.85732421875,0.06394171386667344,0.0,382.59375,12.732291666666665,1024.0,0.0,0.0,0.0,9.599381510416666,90.82307942708333,0.0682330508333204,0.0,423.328125,9.869401041666666,1024.0,0.0,0.0,0.0,7.594596354166667,81.190625,2026-03-24 10:55:05
0.10383880026664372,0.0,212.3984375,0.037369791666666666,1024.0,0.0,0.0,0.0,17.07802734375,98.98987630208333,0.4927192338666373,0.0,769.07421875,12.856380208333333,1024.0,0.0,0.0,0.0,34.025325520833334,302.35537109375,0.05060338850004917,0.0,223.3828125,1.5670572916666667,1024.0,0.000390625,0.0,0.0,9.695865885416667,66.89016927083334,0.03986262450001353,0.0,371.4609375,0.005729166666666666,1024.0,0.0,0.0,0.0,4.445345052083334,40.85732421875,0.06394171386667344,0.0,382.59375,12.732291666666665,1024.0,0.0,0.0,0.0,9.599381510416666,90.82307942708333,0.0682330508333204,0.0,423.328125,9.869401041666666,1024.0,0.0,0.0,0.0,7.594596354166667,81.190625,2026-03-24 10:55:10
0.10383880026664372,0.0,212.3984375,0.037369791666666666,1024.0,0.0,0.0,0.0,17.07802734375,98.98987630208333,0.4927192338666373,0.0,769.07421875,12.856380208333333,1024.0,0.0,0.0,0.0,34.025325520833334,302.35537109375,0.05060338850004917,0.0,223.3828125,1.5670572916666667,1024.0,0.000390625,0.0,0.0,9.695865885416667,66.89016927083334,0.03986262450001353,0.0,371.4609375,0.005729166666666666,1024.0,0.0,0.0,0.0,4.445345052083334,40.85732421875,0.06394171386667344,0.0,382.59375,12.732291666666665,1024.0,0.0,0.0,0.0,9.599381510416666,90.82307942708333,0.0682330508333204,0.0,423.328125,9.869401041666666,1024.0,0.0,0.0,0.0,7.594596354166667,81.190625,2026-03-24 10:55:15
0.10383880026664372,0.0,212.3984375,0.037369791666666666,1024.0,0.0,0.0,0.0,17.07802734375,98.98987630208333,0.4927192338666373,0.0,769.07421875,12.856380208333333,1024.0,0.0,0.0,0.0,34.025325520833334,302.35537109375,0.05060338850004917,0.0,223.3828125,1.5670572916666667,1024.0,0.000390625,0.0,0.0,9.695865885416667,66.89016927083334,0.03986262450001353,0.0,371.4609375,0.005729166666666666,1024.0,0.0,0.0,0.0,4.445345052083334,40.85732421875,0.06394171386667344,0.0,382.59375,12.732291666666665,1024.0,0.0,0.0,0.0,9.599381510416666,90.82307942708333,0.0682330508333204,0.0,423.328125,9.869401041666666,1024.0,0.0,0.0,0.0,7.594596354166667,81.190625,2026-03-24 10:55:20
0.10383880026664372,0.0,212.3984375,0.037369791666666666,1024.0,0.0,0.0,0.0,17.07802734375,98.98987630208333,0.4927192338666373,0.0,769.07421875,12.856380208333333,1024.0,0.0,0.0,0.0,34.025325520833334,302.35537109375,0.05060338850004917,0.0,223.3828125,1.5670572916666667,1024.0,0.000390625,0.0,0.0,9.695865885416667,66.89016927083334,0.03986262450001353,0.0,371.4609375,0.005729166666666666,1024.0,0.0,0.0,0.0,4.445345052083334,40.85732421875,0.06394171386667344,0.0,382.59375,12.732291666666665,1024.0,0.0,0.0,0.0,9.599381510416666,90.82307942708333,0.0682330508333204,0.0,423.328125,9.869401041666666,1024.0,0.0,0.0,0.0,7.594596354166667,81.190625,2026-03-24 10:55:25
0.10383880026664372,0.0,212.3984375,0.037369791666666666,1024.0,0.0,0.0,0.0,17.07802734375,98.98987630208333,0.4927192338666373,0.0,769.07421875,12.856380208333333,1024.0,0.0,0.0,0.0,34.025325520833334,302.35537109375,0.05060338850004917,0.0,223.3828125,1.5670572916666667,1024.0,0.000390625,0.0,0.0,9.695865885416667,66.89016927083334,0.03986262450001353,0.0,371.4609375,0.005729166666666666,1024.0,0.0,0.0,0.0,4.445345052083334,40.85732421875,0.06394171386667344,0.0,382.59375,12.732291666666665,1024.0,0.0,0.0,0.0,9.599381510416666,90.82307942708333,0.0682330508333204,0.0,423.328125,9.869401041666666,1024.0,0.0,0.0,0.0,7.594596354166667,81.190625,2026-03-24 10:55:30
0.07366223426664387,0.0,211.3515625,6.1455729166666675,1024.0,0.0026041666666666665,0.0,0.0,5.621419270833333,23.918001302083333,0.35555935253334303,0.0,771.86328125,0.09296874999999999,1024.0,0.00013020833333333333,0.0,0.0,31.548567708333334,305.42067057291666,0.05073319373328858,0.0,225.38671875,0.06679687500000002,1024.0,0.0007812500000000003,0.0,0.0,4.882356770833335,36.031217447916674,0.030390546699982222,0.0,371.6875,0.007552083333333333,1024.0,0.0,0.0,0.0,6.314322916666667,63.18818359375,0.07765914426663584,0.0,383.1953125,0.02005208333333333,1024.0,0.0,0.0,0.0,7.0390625,61.64912109375,0.06156157763334705,0.0,424.296875,0.03229166666666667,1024.0,0.0,0.0,0.0,11.02978515625,119.48056640625,2026-03-24 10:55:35
0.07366223426664387,0.0,211.3515625,6.1455729166666675,1024.0,0.0026041666666666665,0.0,0.0,5.621419270833333,23.918001302083333,0.35555935253334303,0.0,771.86328125,0.09296874999999999,1024.0,0.00013020833333333333,0.0,0.0,31.548567708333334,305.42067057291666,0.05073319373328857,0.0,225.38671875,0.066796875,1024.0,0.00078125,0.0,0.0,4.882356770833334,36.03121744791667,0.030390546699982222,0.0,371.6875,0.007552083333333333,1024.0,0.0,0.0,0.0,6.314322916666667,63.18818359375,0.07765914426663584,0.0,383.1953125,0.02005208333333333,1024.0,0.0,0.0,0.0,7.0390625,61.64912109375,0.06156157763334705,0.0,424.296875,0.03229166666666667,1024.0,0.0,0.0,0.0,11.02978515625,119.48056640625,2026-03-24 10:55:40
0.07366223426664387,0.0,211.3515625,6.1455729166666675,1024.0,0.0026041666666666665,0.0,0.0,5.621419270833333,23.918001302083333,0.35555935253334303,0.0,771.86328125,0.09296874999999999,1024.0,0.00013020833333333333,0.0,0.0,31.548567708333334,305.42067057291666,0.05073319373328857,0.0,225.38671875,0.066796875,1024.0,0.00078125,0.0,0.0,4.882356770833334,36.03121744791667,0.030390546699982222,0.0,371.6875,0.007552083333333333,1024.0,0.0,0.0,0.0,6.314322916666667,63.18818359375,0.07765914426663584,0.0,383.1953125,0.02005208333333333,1024.0,0.0,0.0,0.0,7.0390625,61.64912109375,0.06156157763334705,0.0,424.296875,0.03229166666666667,1024.0,0.0,0.0,0.0,11.02978515625,119.48056640625,2026-03-24 10:55:45
0.07366223426664387,0.0,211.3515625,6.1455729166666675,1024.0,0.0026041666666666665,0.0,0.0,5.621419270833333,23.918001302083333,0.35555935253334303,0.0,771.86328125,0.09296874999999999,1024.0,0.00013020833333333333,0.0,0.0,31.548567708333334,305.42067057291666,0.05073319373328857,0.0,225.38671875,0.066796875,1024.0,0.00078125,0.0,0.0,4.882356770833334,36.03121744791667,0.030390546699982222,0.0,371.6875,0.007552083333333333,1024.0,0.0,0.0,0.0,6.314322916666667,63.18818359375,0.07765914426663584,0.0,383.1953125,0.02005208333333333,1024.0,0.0,0.0,0.0,7.0390625,61.64912109375,0.06156157763334705,0.0,424.296875,0.03229166666666667,1024.0,0.0,0.0,0.0,11.02978515625,119.48056640625,2026-03-24 10:55:50
0.07366223426664387,0.0,211.3515625,6.1455729166666675,1024.0,0.0026041666666666665,0.0,0.0,5.621419270833333,23.918001302083333,0.35555935253334303,0.0,771.86328125,0.09296874999999999,1024.0,0.00013020833333333333,0.0,0.0,31.548567708333334,305.42067057291666,0.05073319373328857,0.0,225.38671875,0.066796875,1024.0,0.00078125,0.0,0.0,4.882356770833334,36.03121744791667,0.030390546699982222,0.0,371.6875,0.007552083333333333,1024.0,0.0,0.0,0.0,6.314322916666667,63.18818359375,0.07765914426663584,0.0,383.1953125,0.02005208333333333,1024.0,0.0,0.0,0.0,7.0390625,61.64912109375,0.06156157763334705,0.0,424.296875,0.03229166666666667,1024.0,0.0,0.0,0.0,11.02978515625,119.48056640625,2026-03-24 10:55:55
0.07366223426664387,0.0,211.3515625,6.1455729166666675,1024.0,0.0026041666666666665,0.0,0.0,5.621419270833333,23.918001302083333,0.35555935253334303,0.0,771.86328125,0.09296874999999999,1024.0,0.00013020833333333333,0.0,0.0,31.548567708333334,305.42067057291666,0.05073319373328857,0.0,225.38671875,0.066796875,1024.0,0.00078125,0.0,0.0,4.882356770833334,36.03121744791667,0.030390546699982222,0.0,371.6875,0.007552083333333333,1024.0,0.0,0.0,0.0,6.314322916666667,63.18818359375,0.07765914426663584,0.0,383.1953125,0.02005208333333333,1024.0,0.0,0.0,0.0,7.0390625,61.64912109375,0.06156157763334705,0.0,424.296875,0.03229166666666667,1024.0,0.0,0.0,0.0,11.02978515625,119.48056640625,2026-03-24 10:56:00
0.06952677780003438,0.0,211.59375,0.008072916666666667,1024.0,0.0,0.0,0.0,16.223307291666668,95.76448567708333,0.5406651578333519,0.0,773.84765625,2.8148437499999996,1024.0,0.0,0.0,0.0,32.66370442708333,302.9341796875,0.09353705619999195,0.0,227.796875,0.08033854166666668,1024.0,0.0,0.0,0.0,9.853678385416668,76.70970052083335,0.03845450633334621,0.0,371.671875,10.010807291666667,1024.0,0.0,0.0,0.0,6.216796875,64.50520833333333,0.03968545206668447,0.0,383.5859375,0.013020833333333332,1024.0,0.0,0.0,0.0,9.04541015625,81.910546875,0.06172215516668681,0.0,424.2109375,4.218098958333333,1024.0,0.0,0.0,0.0,8.674348958333333,81.24778645833334,2026-03-24 10:56:05
0.06952677780003438,0.0,211.59375,0.008072916666666667,1024.0,0.0,0.0,0.0,16.223307291666668,95.76448567708333,0.5406651578333519,0.0,773.84765625,2.8148437499999996,1024.0,0.0,0.0,0.0,32.66370442708333,302.9341796875,0.09353705619999192,0.0,227.796875,0.08033854166666667,1024.0,0.0,0.0,0.0,9.853678385416666,76.70970052083334,0.03845450633334621,0.0,371.671875,10.010807291666667,1024.0,0.0,0.0,0.0,6.216796875,64.50520833333333,0.03968545206668447,0.0,383.5859375,0.013020833333333332,1024.0,0.0,0.0,0.0,9.04541015625,81.910546875,0.06172215516668681,0.0,424.2109375,4.218098958333333,1024.0,0.0,0.0,0.0,8.674348958333333,81.24778645833334,2026-03-24 10:56:10
0.06952677780003438,0.0,211.59375,0.008072916666666667,1024.0,0.0,0.0,0.0,16.223307291666668,95.76448567708333,0.5406651578333519,0.0,773.84765625,2.8148437499999996,1024.0,0.0,0.0,0.0,32.66370442708333,302.9341796875,0.09353705619999192,0.0,227.796875,0.08033854166666667,1024.0,0.0,0.0,0.0,9.853678385416666,76.70970052083334,0.03845450633334621,0.0,371.671875,10.010807291666667,1024.0,0.0,0.0,0.0,6.216796875,64.50520833333333,0.03968545206668447,0.0,383.5859375,0.013020833333333332,1024.0,0.0,0.0,0.0,9.04541015625,81.910546875,0.06172215516668681,0.0,424.2109375,4.218098958333333,1024.0,0.0,0.0,0.0,8.674348958333333,81.24778645833334,2026-03-24 10:56:15
0.06952677780003438,0.0,211.59375,0.008072916666666667,1024.0,0.0,0.0,0.0,16.223307291666668,95.76448567708333,0.5406651578333519,0.0,773.84765625,2.8148437499999996,1024.0,0.0,0.0,0.0,32.66370442708333,302.9341796875,0.09353705619999192,0.0,227.796875,0.08033854166666667,1024.0,0.0,0.0,0.0,9.853678385416666,76.70970052083334,0.03845450633334621,0.0,371.671875,10.010807291666667,1024.0,0.0,0.0,0.0,6.216796875,64.50520833333333,0.03968545206668447,0.0,383.5859375,0.013020833333333332,1024.0,0.0,0.0,0.0,9.04541015625,81.910546875,0.06172215516668681,0.0,424.2109375,4.218098958333333,1024.0,0.0,0.0,0.0,8.674348958333333,81.24778645833334,2026-03-24 10:56:20
0.06952677780003438,0.0,211.59375,0.008072916666666667,1024.0,0.0,0.0,0.0,16.223307291666668,95.76448567708333,0.5406651578333519,0.0,773.84765625,2.8148437499999996,1024.0,0.0,0.0,0.0,32.66370442708333,302.9341796875,0.09353705619999192,0.0,227.796875,0.08033854166666667,1024.0,0.0,0.0,0.0,9.853678385416666,76.70970052083334,0.03845450633334621,0.0,371.671875,10.010807291666667,1024.0,0.0,0.0,0.0,6.216796875,64.50520833333333,0.03968545206668447,0.0,383.5859375,0.013020833333333332,1024.0,0.0,0.0,0.0,9.04541015625,81.910546875,0.06172215516668681,0.0,424.2109375,4.218098958333333,1024.0,0.0,0.0,0.0,8.674348958333333,81.24778645833334,2026-03-24 10:56:25
0.06952677780003438,0.0,211.59375,0.008072916666666667,1024.0,0.0,0.0,0.0,16.223307291666668,95.76448567708333,0.5406651578333519,0.0,773.84765625,2.8148437499999996,1024.0,0.0,0.0,0.0,32.66370442708333,302.9341796875,0.09353705619999192,0.0,227.796875,0.08033854166666667,1024.0,0.0,0.0,0.0,9.853678385416666,76.70970052083334,0.03845450633334621,0.0,371.671875,10.010807291666667,1024.0,0.0,0.0,0.0,6.216796875,64.50520833333333,0.03968545206668447,0.0,383.5859375,0.013020833333333332,1024.0,0.0,0.0,0.0,9.04541015625,81.910546875,0.06172215516668681,0.0,424.2109375,4.218098958333333,1024.0,0.0,0.0,0.0,8.674348958333333,81.24778645833334,2026-03-24 10:56:30
0.10147496839993657,0.0,212.04296875,0.014973958333333334,1024.0,0.0032552083333333335,0.0,0.0,11.414485677083333,67.62822265625,0.5265079846666746,0.0,767.04296875,15.386979166666666,1024.0,0.0,0.0,0.0,36.86005859375,314.62311197916665,0.05916794003340704,0.0,223.86328125,5.820182291666669,1024.0,0.0,0.0,0.0,8.056152343750002,65.37327473958335,0.03877853306663989,0.0,369.984375,8.498828125,1024.0,0.0,0.0,0.0,4.790755208333334,37.76549479166667,0.05937517470000178,0.0,383.9140625,0.0109375,1024.0,0.0,0.0,0.0,7.260677083333333,79.89918619791666,0.05694008586660857,0.0,424.2265625,0.0005208333333333333,1024.0,0.0,0.0,0.0,8.043717447916666,80.408203125,2026-03-24 10:56:35
0.10147496839993657,0.0,212.04296875,0.014973958333333334,1024.0,0.0032552083333333335,0.0,0.0,11.414485677083333,67.62822265625,0.5265079846666746,0.0,767.04296875,15.386979166666666,1024.0,0.0,0.0,0.0,36.86005859375,314.62311197916665,0.05916794003340703,0.0,223.86328125,5.820182291666667,1024.0,0.0,0.0,0.0,8.05615234375,65.37327473958334,0.03877853306663989,0.0,369.984375,8.498828125,1024.0,0.0,0.0,0.0,4.790755208333334,37.76549479166667,0.05937517470000178,0.0,383.9140625,0.0109375,1024.0,0.0,0.0,0.0,7.260677083333333,79.89918619791666,0.05694008586660857,0.0,424.2265625,0.0005208333333333333,1024.0,0.0,0.0,0.0,8.043717447916666,80.408203125,2026-03-24 10:56:40
0.10147496839993657,0.0,212.04296875,0.014973958333333334,1024.0,0.0032552083333333335,0.0,0.0,11.414485677083333,67.62822265625,0.5265079846666746,0.0,767.04296875,15.386979166666666,1024.0,0.0,0.0,0.0,36.86005859375,314.62311197916665,0.05916794003340703,0.0,223.86328125,5.820182291666667,1024.0,0.0,0.0,0.0,8.05615234375,65.37327473958334,0.03877853306663989,0.0,369.984375,8.498828125,1024.0,0.0,0.0,0.0,4.790755208333334,37.76549479166667,0.05937517470000178,0.0,383.9140625,0.0109375,1024.0,0.0,0.0,0.0,7.260677083333333,79.89918619791666,0.05694008586660857,0.0,424.2265625,0.0005208333333333333,1024.0,0.0,0.0,0.0,8.043717447916666,80.408203125,2026-03-24 10:56:45
0.10147496839993657,0.0,212.04296875,0.014973958333333334,1024.0,0.0032552083333333335,0.0,0.0,11.414485677083333,67.62822265625,0.5265079846666746,0.0,767.04296875,15.386979166666666,1024.0,0.0,0.0,0.0,36.86005859375,314.62311197916665,0.05916794003340703,0.0,223.86328125,5.820182291666667,1024.0,0.0,0.0,0.0,8.05615234375,65.37327473958334,0.03877853306663989,0.0,369.984375,8.498828125,1024.0,0.0,0.0,0.0,4.790755208333334,37.76549479166667,0.05937517470000178,0.0,383.9140625,0.0109375,1024.0,0.0,0.0,0.0,7.260677083333333,79.89918619791666,0.05694008586660857,0.0,424.2265625,0.0005208333333333333,1024.0,0.0,0.0,0.0,8.043717447916666,80.408203125,2026-03-24 10:56:50
0.10147496839993657,0.0,212.04296875,0.014973958333333334,1024.0,0.0032552083333333335,0.0,0.0,11.414485677083333,67.62822265625,0.5265079846666746,0.0,767.04296875,15.386979166666666,1024.0,0.0,0.0,0.0,36.86005859375,314.62311197916665,0.05916794003340703,0.0,223.86328125,5.820182291666667,1024.0,0.0,0.0,0.0,8.05615234375,65.37327473958334,0.03877853306663989,0.0,369.984375,8.498828125,1024.0,0.0,0.0,0.0,4.790755208333334,37.76549479166667,0.05937517470000178,0.0,383.9140625,0.0109375,1024.0,0.0,0.0,0.0,7.260677083333333,79.89918619791666,0.05694008586660857,0.0,424.2265625,0.0005208333333333333,1024.0,0.0,0.0,0.0,8.043717447916666,80.408203125,2026-03-24 10:56:55
0.10147496839993657,0.0,212.04296875,0.014973958333333334,1024.0,0.0032552083333333335,0.0,0.0,11.414485677083333,67.62822265625,0.5265079846666746,0.0,767.04296875,15.386979166666666,1024.0,0.0,0.0,0.0,36.86005859375,314.62311197916665,0.05916794003340703,0.0,223.86328125,5.820182291666667,1024.0,0.0,0.0,0.0,8.05615234375,65.37327473958334,0.03877853306663989,0.0,369.984375,8.498828125,1024.0,0.0,0.0,0.0,4.790755208333334,37.76549479166667,0.05937517470000178,0.0,383.9140625,0.0109375,1024.0,0.0,0.0,0.0,7.260677083333333,79.89918619791666,0.05694008586660857,0.0,424.2265625,0.0005208333333333333,1024.0,0.0,0.0,0.0,8.043717447916666,80.408203125,2026-03-24 10:57:00
0.08097620346667361,0.0,211.32421875,3.4955729166666667,1024.0,0.0,0.0,0.0,12.729134114583333,68.72897135416666,0.4421646125999511,0.0,771.53125,10.3109375,1024.0,0.0,0.0,0.0,20.940983072916666,189.0759765625,0.05266832579990495,0.0,223.9296875,1.6378906250000005,1024.0,0.0007812500000000003,0.0,0.0,9.270149739583335,70.43844401041669,0.027191221200018843,0.0,369.984375,0.0,1024.0,0.0,0.0,0.0,5.070768229166666,63.7361328125,0.06724298630001613,0.0,385.04296875,0.03763020833333333,1024.0,0.0,0.0,0.0,9.539420572916667,84.20654296875,0.06837722503337318,0.0,425.234375,0.033593750000000006,1024.0,0.0,0.0,0.0,9.18232421875,82.35540364583333,2026-03-24 10:57:05
0.08097620346667361,0.0,211.32421875,3.4955729166666667,1024.0,0.0,0.0,0.0,12.729134114583333,68.72897135416666,0.4421646125999511,0.0,771.53125,10.3109375,1024.0,0.0,0.0,0.0,20.940983072916666,189.0759765625,0.05266832579990493,0.0,223.9296875,1.637890625,1024.0,0.00078125,0.0,0.0,9.270149739583333,70.43844401041666,0.027191221200018843,0.0,369.984375,0.0,1024.0,0.0,0.0,0.0,5.070768229166666,63.7361328125,0.06724298630001613,0.0,385.04296875,0.03763020833333333,1024.0,0.0,0.0,0.0,9.539420572916667,84.20654296875,0.06837722503337318,0.0,425.234375,0.033593750000000006,1024.0,0.0,0.0,0.0,9.18232421875,82.35540364583333,2026-03-24 10:57:10
0.08097620346667361,0.0,211.32421875,3.4955729166666667,1024.0,0.0,0.0,0.0,12.729134114583333,68.72897135416666,0.4421646125999511,0.0,771.53125,10.3109375,1024.0,0.0,0.0,0.0,20.940983072916666,189.0759765625,0.05266832579990493,0.0,223.9296875,1.637890625,1024.0,0.00078125,0.0,0.0,9.270149739583333,70.43844401041666,0.027191221200018843,0.0,369.984375,0.0,1024.0,0.0,0.0,0.0,5.070768229166666,63.7361328125,0.06724298630001613,0.0,385.04296875,0.03763020833333333,1024.0,0.0,0.0,0.0,9.539420572916667,84.20654296875,0.06837722503337318,0.0,425.234375,0.033593750000000006,1024.0,0.0,0.0,0.0,9.18232421875,82.35540364583333,2026-03-24 10:57:15
0.08097620346667361,0.0,211.32421875,3.4955729166666667,1024.0,0.0,0.0,0.0,12.729134114583333,68.72897135416666,0.4421646125999511,0.0,771.53125,10.3109375,1024.0,0.0,0.0,0.0,20.940983072916666,189.0759765625,0.05266832579990493,0.0,223.9296875,1.637890625,1024.0,0.00078125,0.0,0.0,9.270149739583333,70.43844401041666,0.027191221200018843,0.0,369.984375,0.0,1024.0,0.0,0.0,0.0,5.070768229166666,63.7361328125,0.06724298630001613,0.0,385.04296875,0.03763020833333333,1024.0,0.0,0.0,0.0,9.539420572916667,84.20654296875,0.06837722503337318,0.0,425.234375,0.033593750000000006,1024.0,0.0,0.0,0.0,9.18232421875,82.35540364583333,2026-03-24 10:57:20
0.08097620346667361,0.0,211.32421875,3.4955729166666667,1024.0,0.0,0.0,0.0,12.729134114583333,68.72897135416666,0.4421646125999511,0.0,771.53125,10.3109375,1024.0,0.0,0.0,0.0,20.940983072916666,189.0759765625,0.05266832579990493,0.0,223.9296875,1.637890625,1024.0,0.00078125,0.0,0.0,9.270149739583333,70.43844401041666,0.027191221200018843,0.0,369.984375,0.0,1024.0,0.0,0.0,0.0,5.070768229166666,63.7361328125,0.06724298630001613,0.0,385.04296875,0.03763020833333333,1024.0,0.0,0.0,0.0,9.539420572916667,84.20654296875,0.06837722503337318,0.0,425.234375,0.033593750000000006,1024.0,0.0,0.0,0.0,9.18232421875,82.35540364583333,2026-03-24 10:57:25
0.08097620346667361,0.0,211.32421875,3.4955729166666667,1024.0,0.0,0.0,0.0,12.729134114583333,68.72897135416666,0.4421646125999511,0.0,771.53125,10.3109375,1024.0,0.0,0.0,0.0,20.940983072916666,189.0759765625,0.05266832579990493,0.0,223.9296875,1.637890625,1024.0,0.00078125,0.0,0.0,9.270149739583333,70.43844401041666,0.027191221200018843,0.0,369.984375,0.0,1024.0,0.0,0.0,0.0,5.070768229166666,63.7361328125,0.06724298630001613,0.0,385.04296875,0.03763020833333333,1024.0,0.0,0.0,0.0,9.539420572916667,84.20654296875,0.06837722503337318,0.0,425.234375,0.033593750000000006,1024.0,0.0,0.0,0.0,9.18232421875,82.35540364583333,2026-03-24 10:57:30
0.07813437196669047,0.0,211.3046875,6.132031250000001,1024.0,0.0032552083333333335,0.0,0.0,13.765169270833333,70.17356770833334,0.37666178363338076,0.0,778.51953125,10.392057291666667,1024.0,0.0,0.0,0.0,39.15833333333333,361.3850911458333,0.064307832566669,0.0,225.375,1.6707031250000006,1024.0,0.0,0.0,0.0,9.104817708333336,73.80725911458335,0.02961790290000863,0.0,370.234375,0.008333333333333333,1024.0,0.0,0.0,0.0,4.735514322916667,50.079264322916664,0.05597613980003189,0.0,383.1015625,6.354166666666667,1024.0,0.0,0.0,0.0,8.024772135416667,78.12766927083334,0.06313277519999852,0.0,424.546875,9.9140625,1024.0,0.0,0.0,0.0,7.38212890625,67.21402994791667,2026-03-24 10:57:35
0.07813437196669047,0.0,211.3046875,6.132031250000001,1024.0,0.0032552083333333335,0.0,0.0,13.765169270833333,70.17356770833334,0.37666178363338076,0.0,778.51953125,10.392057291666667,1024.0,0.0,0.0,0.0,39.15833333333333,361.3850911458333,0.06430783256666898,0.0,225.375,1.670703125,1024.0,0.0,0.0,0.0,9.104817708333334,73.80725911458333,0.02961790290000863,0.0,370.234375,0.008333333333333333,1024.0,0.0,0.0,0.0,4.735514322916667,50.079264322916664,0.05597613980003189,0.0,383.1015625,6.354166666666667,1024.0,0.0,0.0,0.0,8.024772135416667,78.12766927083334,0.06313277519999852,0.0,424.546875,9.9140625,1024.0,0.0,0.0,0.0,7.38212890625,67.21402994791667,2026-03-24 10:57:40
0.07813437196669047,0.0,211.3046875,6.132031250000001,1024.0,0.0032552083333333335,0.0,0.0,13.765169270833333,70.17356770833334,0.37666178363338076,0.0,778.51953125,10.392057291666667,1024.0,0.0,0.0,0.0,39.15833333333333,361.3850911458333,0.06430783256666898,0.0,225.375,1.670703125,1024.0,0.0,0.0,0.0,9.104817708333334,73.80725911458333,0.02961790290000863,0.0,370.234375,0.008333333333333333,1024.0,0.0,0.0,0.0,4.735514322916667,50.079264322916664,0.05597613980003189,0.0,383.1015625,6.354166666666667,1024.0,0.0,0.0,0.0,8.024772135416667,78.12766927083334,0.06313277519999852,0.0,424.546875,9.9140625,1024.0,0.0,0.0,0.0,7.38212890625,67.21402994791667,2026-03-24 10:57:45
0.07813437196669047,0.0,211.3046875,6.132031250000001,1024.0,0.0032552083333333335,0.0,0.0,13.765169270833333,70.17356770833334,0.37666178363338076,0.0,778.51953125,10.392057291666667,1024.0,0.0,0.0,0.0,39.15833333333333,361.3850911458333,0.06430783256666898,0.0,225.375,1.670703125,1024.0,0.0,0.0,0.0,9.104817708333334,73.80725911458333,0.02961790290000863,0.0,370.234375,0.008333333333333333,1024.0,0.0,0.0,0.0,4.735514322916667,50.079264322916664,0.05597613980003189,0.0,383.1015625,6.354166666666667,1024.0,0.0,0.0,0.0,8.024772135416667,78.12766927083334,0.06313277519999852,0.0,424.546875,9.9140625,1024.0,0.0,0.0,0.0,7.38212890625,67.21402994791667,2026-03-24 10:57:50
0.07813437196669047,0.0,211.3046875,6.132031250000001,1024.0,0.0032552083333333335,0.0,0.0,13.765169270833333,70.17356770833334,0.37666178363338076,0.0,778.51953125,10.392057291666667,1024.0,0.0,0.0,0.0,39.15833333333333,361.3850911458333,0.06430783256666898,0.0,225.375,1.670703125,1024.0,0.0,0.0,0.0,9.104817708333334,73.80725911458333,0.02961790290000863,0.0,370.234375,0.008333333333333333,1024.0,0.0,0.0,0.0,4.735514322916667,50.079264322916664,0.05597613980003189,0.0,383.1015625,6.354166666666667,1024.0,0.0,0.0,0.0,8.024772135416667,78.12766927083334,0.06313277519999852,0.0,424.546875,9.9140625,1024.0,0.0,0.0,0.0,7.38212890625,67.21402994791667,2026-03-24 10:57:55
0.07813437196669047,0.0,211.3046875,6.132031250000001,1024.0,0.0032552083333333335,0.0,0.0,13.765169270833333,70.17356770833334,0.37666178363338076,0.0,778.51953125,10.392057291666667,1024.0,0.0,0.0,0.0,39.15833333333333,361.3850911458333,0.06430783256666898,0.0,225.375,1.670703125,1024.0,0.0,0.0,0.0,9.104817708333334,73.80725911458333,0.02961790290000863,0.0,370.234375,0.008333333333333333,1024.0,0.0,0.0,0.0,4.735514322916667,50.079264322916664,0.05597613980003189,0.0,383.1015625,6.354166666666667,1024.0,0.0,0.0,0.0,8.024772135416667,78.12766927083334,0.06313277519999852,0.0,424.546875,9.9140625,1024.0,0.0,0.0,0.0,7.38212890625,67.21402994791667,2026-03-24 10:58:00
0.0996911429666883,0.0,211.33203125,0.9057291666666666,1024.0,0.003125,0.0,0.0,6.8962890625,38.164225260416664,0.4546101113666585,0.0,771.8515625,15.549479166666668,1024.0,0.0,0.0,0.0,45.13193359375,354.97825520833334,0.05513862676670373,0.0,222.8984375,7.408203125000002,1024.0,0.0007812500000000003,0.0,0.0,10.472949218750001,67.77477213541668,0.03627505339997394,0.0,371.5703125,0.04453125,1024.0,0.0,0.0,0.0,5.060970052083333,51.140234375,0.062334381699944666,0.0,381.28125,2.392708333333333,1024.0,0.0,0.0,0.0,9.815462239583333,99.57532552083333,0.06524240296668418,0.0,424.625,0.0026041666666666665,1024.0,0.0,0.0,0.0,7.612890625,57.80960286458333,2026-03-24 10:58:05
0.0996911429666883,0.0,211.33203125,0.9057291666666666,1024.0,0.003125,0.0,0.0,6.8962890625,38.164225260416664,0.4546101113666585,0.0,771.8515625,15.549479166666668,1024.0,0.0,0.0,0.0,45.13193359375,354.97825520833334,0.055138626766703724,0.0,222.8984375,7.408203125,1024.0,0.00078125,0.0,0.0,10.47294921875,67.77477213541667,0.03627505339997394,0.0,371.5703125,0.04453125,1024.0,0.0,0.0,0.0,5.060970052083333,51.140234375,0.062334381699944666,0.0,381.28125,2.392708333333333,1024.0,0.0,0.0,0.0,9.815462239583333,99.57532552083333,0.06524240296668418,0.0,424.625,0.0026041666666666665,1024.0,0.0,0.0,0.0,7.612890625,57.80960286458333,2026-03-24 10:58:10
0.0996911429666883,0.0,211.33203125,0.9057291666666666,1024.0,0.003125,0.0,0.0,6.8962890625,38.164225260416664,0.4546101113666585,0.0,771.8515625,15.549479166666668,1024.0,0.0,0.0,0.0,45.13193359375,354.97825520833334,0.055138626766703724,0.0,222.8984375,7.408203125,1024.0,0.00078125,0.0,0.0,10.47294921875,67.77477213541667,0.03627505339997394,0.0,371.5703125,0.04453125,1024.0,0.0,0.0,0.0,5.060970052083333,51.140234375,0.062334381699944666,0.0,381.28125,2.392708333333333,1024.0,0.0,0.0,0.0,9.815462239583333,99.57532552083333,0.06524240296668418,0.0,424.625,0.0026041666666666665,1024.0,0.0,0.0,0.0,7.612890625,57.80960286458333,2026-03-24 10:58:15
0.0996911429666883,0.0,211.33203125,0.9057291666666666,1024.0,0.003125,0.0,0.0,6.8962890625,38.164225260416664,0.4546101113666585,0.0,771.8515625,15.549479166666668,1024.0,0.0,0.0,0.0,45.13193359375,354.97825520833334,0.055138626766703724,0.0,222.8984375,7.408203125,1024.0,0.00078125,0.0,0.0,10.47294921875,67.77477213541667,0.03627505339997394,0.0,371.5703125,0.04453125,1024.0,0.0,0.0,0.0,5.060970052083333,51.140234375,0.062334381699944666,0.0,381.28125,2.392708333333333,1024.0,0.0,0.0,0.0,9.815462239583333,99.57532552083333,0.06524240296668418,0.0,424.625,0.0026041666666666665,1024.0,0.0,0.0,0.0,7.612890625,57.80960286458333,2026-03-24 10:58:20
0.0996911429666883,0.0,211.33203125,0.9057291666666666,1024.0,0.003125,0.0,0.0,6.8962890625,38.164225260416664,0.4546101113666585,0.0,771.8515625,15.549479166666668,1024.0,0.0,0.0,0.0,45.13193359375,354.97825520833334,0.055138626766703724,0.0,222.8984375,7.408203125,1024.0,0.00078125,0.0,0.0,10.47294921875,67.77477213541667,0.03627505339997394,0.0,371.5703125,0.04453125,1024.0,0.0,0.0,0.0,5.060970052083333,51.140234375,0.062334381699944666,0.0,381.28125,2.392708333333333,1024.0,0.0,0.0,0.0,9.815462239583333,99.57532552083333,0.06524240296668418,0.0,424.625,0.0026041666666666665,1024.0,0.0,0.0,0.0,7.612890625,57.80960286458333,2026-03-24 10:58:25
0.0996911429666883,0.0,211.33203125,0.9057291666666666,1024.0,0.003125,0.0,0.0,6.8962890625,38.164225260416664,0.4546101113666585,0.0,771.8515625,15.549479166666668,1024.0,0.0,0.0,0.0,45.13193359375,354.97825520833334,0.055138626766703724,0.0,222.8984375,7.408203125,1024.0,0.00078125,0.0,0.0,10.47294921875,67.77477213541667,0.03627505339997394,0.0,371.5703125,0.04453125,1024.0,0.0,0.0,0.0,5.060970052083333,51.140234375,0.062334381699944666,0.0,381.28125,2.392708333333333,1024.0,0.0,0.0,0.0,9.815462239583333,99.57532552083333,0.06524240296668418,0.0,424.625,0.0026041666666666665,1024.0,0.0,0.0,0.0,7.612890625,57.80960286458333,2026-03-24 10:58:30
0.08498156736661583,0.0,211.7734375,0.014713541666666666,1024.0,0.0,0.0,0.0,18.86923828125,106.21194661458334,0.5731076459999713,0.0,779.78125,0.2643229166666667,1024.0,0.0,0.0,0.0,36.204524739583334,317.95110677083335,0.04422068970004307,0.0,223.48828125,0.01966145833333334,1024.0,0.0,0.0,0.0,8.245117187500002,70.41832682291668,0.035021791100022404,0.0,371.6171875,0.0015625,1024.0,0.0,0.0,0.0,5.12802734375,47.48984375,0.0638875677667329,0.0,382.765625,0.049479166666666664,1024.0,0.0,0.0,0.0,8.241731770833333,84.67470703125,0.058201512699982534,0.0,427.37109375,0.09153645833333332,1024.0,0.0,0.0,0.0,7.604654947916667,80.38131510416666,2026-03-24 10:58:35
0.08498156736661583,0.0,211.7734375,0.014713541666666666,1024.0,0.0,0.0,0.0,18.86923828125,106.21194661458334,0.5731076459999713,0.0,779.78125,0.2643229166666667,1024.0,0.0,0.0,0.0,36.204524739583334,317.95110677083335,0.04422068970004306,0.0,223.48828125,0.019661458333333336,1024.0,0.0,0.0,0.0,8.2451171875,70.41832682291667,0.035021791100022404,0.0,371.6171875,0.0015625,1024.0,0.0,0.0,0.0,5.12802734375,47.48984375,0.0638875677667329,0.0,382.765625,0.049479166666666664,1024.0,0.0,0.0,0.0,8.241731770833333,84.67470703125,0.058201512699982534,0.0,427.37109375,0.09153645833333332,1024.0,0.0,0.0,0.0,7.604654947916667,80.38131510416666,2026-03-24 10:58:40
0.08498156736661583,0.0,211.7734375,0.014713541666666666,1024.0,0.0,0.0,0.0,18.86923828125,106.21194661458334,0.5731076459999713,0.0,779.78125,0.2643229166666667,1024.0,0.0,0.0,0.0,36.204524739583334,317.95110677083335,0.04422068970004306,0.0,223.48828125,0.019661458333333336,1024.0,0.0,0.0,0.0,8.2451171875,70.41832682291667,0.035021791100022404,0.0,371.6171875,0.0015625,1024.0,0.0,0.0,0.0,5.12802734375,47.48984375,0.0638875677667329,0.0,382.765625,0.049479166666666664,1024.0,0.0,0.0,0.0,8.241731770833333,84.67470703125,0.058201512699982534,0.0,427.37109375,0.09153645833333332,1024.0,0.0,0.0,0.0,7.604654947916667,80.38131510416666,2026-03-24 10:58:45
0.08498156736661583,0.0,211.7734375,0.014713541666666666,1024.0,0.0,0.0,0.0,18.86923828125,106.21194661458334,0.5731076459999713,0.0,779.78125,0.2643229166666667,1024.0,0.0,0.0,0.0,36.204524739583334,317.95110677083335,0.04422068970004306,0.0,223.48828125,0.019661458333333336,1024.0,0.0,0.0,0.0,8.2451171875,70.41832682291667,0.035021791100022404,0.0,371.6171875,0.0015625,1024.0,0.0,0.0,0.0,5.12802734375,47.48984375,0.0638875677667329,0.0,382.765625,0.049479166666666664,1024.0,0.0,0.0,0.0,8.241731770833333,84.67470703125,0.058201512699982534,0.0,427.37109375,0.09153645833333332,1024.0,0.0,0.0,0.0,7.604654947916667,80.38131510416666,2026-03-24 10:58:50
0.08498156736661583,0.0,211.7734375,0.014713541666666666,1024.0,0.0,0.0,0.0,18.86923828125,106.21194661458334,0.5731076459999713,0.0,779.78125,0.2643229166666667,1024.0,0.0,0.0,0.0,36.204524739583334,317.95110677083335,0.04422068970004306,0.0,223.48828125,0.019661458333333336,1024.0,0.0,0.0,0.0,8.2451171875,70.41832682291667,0.035021791100022404,0.0,371.6171875,0.0015625,1024.0,0.0,0.0,0.0,5.12802734375,47.48984375,0.0638875677667329,0.0,382.765625,0.049479166666666664,1024.0,0.0,0.0,0.0,8.241731770833333,84.67470703125,0.058201512699982534,0.0,427.37109375,0.09153645833333332,1024.0,0.0,0.0,0.0,7.604654947916667,80.38131510416666,2026-03-24 10:58:55
0.08498156736661583,0.0,211.7734375,0.014713541666666666,1024.0,0.0,0.0,0.0,18.86923828125,106.21194661458334,0.5731076459999713,0.0,779.78125,0.2643229166666667,1024.0,0.0,0.0,0.0,36.204524739583334,317.95110677083335,0.04422068970004306,0.0,223.48828125,0.019661458333333336,1024.0,0.0,0.0,0.0,8.2451171875,70.41832682291667,0.035021791100022404,0.0,371.6171875,0.0015625,1024.0,0.0,0.0,0.0,5.12802734375,47.48984375,0.0638875677667329,0.0,382.765625,0.049479166666666664,1024.0,0.0,0.0,0.0,8.241731770833333,84.67470703125,0.058201512699982534,0.0,427.37109375,0.09153645833333332,1024.0,0.0,0.0,0.0,7.604654947916667,80.38131510416666,2026-03-24 10:59:00
0.06498853256671472,0.0,213.5234375,0.058333333333333334,1024.0,0.0,0.0,0.0,10.095638020833333,61.81416015625,0.4085406913666702,0.0,780.25390625,10.248177083333333,1024.0,0.0,0.0,0.0,29.835807291666665,287.979296875,0.06182478696659219,0.0,224.52734375,1.6652343750000005,1024.0,0.0006510416666666667,0.0,0.0,3.934212239583334,31.074348958333342,0.03272566206663517,0.0,371.671875,0.0018229166666666667,1024.0,0.0,0.0,0.0,3.964485677083333,30.182552083333334,0.056939083966623616,0.0,379.7109375,8.692578125,1024.0,0.0,0.0,0.0,4.50263671875,54.13955078125,0.04305170440000741,0.0,427.390625,0.0006510416666666666,1024.0,0.0,0.0,0.0,11.652408854166667,120.34645182291666,2026-03-24 10:59:05
0.06498853256671472,0.0,213.5234375,0.058333333333333334,1024.0,0.0,0.0,0.0,10.095638020833333,61.81416015625,0.4085406913666702,0.0,780.25390625,10.248177083333333,1024.0,0.0,0.0,0.0,29.835807291666665,287.979296875,0.061824786966592174,0.0,224.52734375,1.665234375,1024.0,0.0006510416666666666,0.0,0.0,3.934212239583333,31.074348958333335,0.03272566206663517,0.0,371.671875,0.0018229166666666667,1024.0,0.0,0.0,0.0,3.964485677083333,30.182552083333334,0.056939083966623616,0.0,379.7109375,8.692578125,1024.0,0.0,0.0,0.0,4.50263671875,54.13955078125,0.04305170440000741,0.0,427.390625,0.0006510416666666666,1024.0,0.0,0.0,0.0,11.652408854166667,120.34645182291666,2026-03-24 10:59:10
0.06498853256671472,0.0,213.5234375,0.058333333333333334,1024.0,0.0,0.0,0.0,10.095638020833333,61.81416015625,0.4085406913666702,0.0,780.25390625,10.248177083333333,1024.0,0.0,0.0,0.0,29.835807291666665,287.979296875,0.061824786966592174,0.0,224.52734375,1.665234375,1024.0,0.0006510416666666666,0.0,0.0,3.934212239583333,31.074348958333335,0.03272566206663517,0.0,371.671875,0.0018229166666666667,1024.0,0.0,0.0,0.0,3.964485677083333,30.182552083333334,0.056939083966623616,0.0,379.7109375,8.692578125,1024.0,0.0,0.0,0.0,4.50263671875,54.13955078125,0.04305170440000741,0.0,427.390625,0.0006510416666666666,1024.0,0.0,0.0,0.0,11.652408854166667,120.34645182291666,2026-03-24 10:59:15
0.06498853256671472,0.0,213.5234375,0.058333333333333334,1024.0,0.0,0.0,0.0,10.095638020833333,61.81416015625,0.4085406913666702,0.0,780.25390625,10.248177083333333,1024.0,0.0,0.0,0.0,29.835807291666665,287.979296875,0.061824786966592174,0.0,224.52734375,1.665234375,1024.0,0.0006510416666666666,0.0,0.0,3.934212239583333,31.074348958333335,0.03272566206663517,0.0,371.671875,0.0018229166666666667,1024.0,0.0,0.0,0.0,3.964485677083333,30.182552083333334,0.056939083966623616,0.0,379.7109375,8.692578125,1024.0,0.0,0.0,0.0,4.50263671875,54.13955078125,0.04305170440000741,0.0,427.390625,0.0006510416666666666,1024.0,0.0,0.0,0.0,11.652408854166667,120.34645182291666,2026-03-24 10:59:20
0.06498853256671472,0.0,213.5234375,0.058333333333333334,1024.0,0.0,0.0,0.0,10.095638020833333,61.81416015625,0.4085406913666702,0.0,780.25390625,10.248177083333333,1024.0,0.0,0.0,0.0,29.835807291666665,287.979296875,0.061824786966592174,0.0,224.52734375,1.665234375,1024.0,0.0006510416666666666,0.0,0.0,3.934212239583333,31.074348958333335,0.03272566206663517,0.0,371.671875,0.0018229166666666667,1024.0,0.0,0.0,0.0,3.964485677083333,30.182552083333334,0.056939083966623616,0.0,379.7109375,8.692578125,1024.0,0.0,0.0,0.0,4.50263671875,54.13955078125,0.04305170440000741,0.0,427.390625,0.0006510416666666666,1024.0,0.0,0.0,0.0,11.652408854166667,120.34645182291666,2026-03-24 10:59:25
0.06498853256671472,0.0,213.5234375,0.058333333333333334,1024.0,0.0,0.0,0.0,10.095638020833333,61.81416015625,0.4085406913666702,0.0,780.25390625,10.248177083333333,1024.0,0.0,0.0,0.0,29.835807291666665,287.979296875,0.061824786966592174,0.0,224.52734375,1.665234375,1024.0,0.0006510416666666666,0.0,0.0,3.934212239583333,31.074348958333335,0.03272566206663517,0.0,371.671875,0.0018229166666666667,1024.0,0.0,0.0,0.0,3.964485677083333,30.182552083333334,0.056939083966623616,0.0,379.7109375,8.692578125,1024.0,0.0,0.0,0.0,4.50263671875,54.13955078125,0.04305170440000741,0.0,427.390625,0.0006510416666666666,1024.0,0.0,0.0,0.0,11.652408854166667,120.34645182291666,2026-03-24 10:59:30
0.10533995593332766,0.0,214.2890625,0.025520833333333333,1024.0,0.0032552083333333335,0.0,0.0,13.565169270833334,70.77819010416667,0.439351002300009,0.0,777.30078125,15.6609375,1024.0,0.0,0.0,0.0,39.09837239583333,345.4788411458333,0.06970066500007562,0.0,228.18359375,0.12187500000000002,1024.0,0.0007812500000000003,0.0,0.0,9.219824218750002,70.58844401041668,0.028696339866655762,0.0,371.69921875,0.0009114583333333333,1024.0,0.0,0.0,0.0,7.800944010416667,76.48551432291667,0.053338211066648,0.0,381.0546875,0.04479166666666667,1024.0,0.0,0.0,0.0,10.479264322916666,88.83896484375,0.05594763233334561,0.0,423.5390625,9.878125,1024.0,0.0,0.0,0.0,8.246875,80.00804036458334,2026-03-24 10:59:35
0.10533995593332766,0.0,214.2890625,0.025520833333333333,1024.0,0.0032552083333333335,0.0,0.0,13.565169270833334,70.77819010416667,0.439351002300009,0.0,777.30078125,15.6609375,1024.0,0.0,0.0,0.0,39.09837239583333,345.4788411458333,0.0697006650000756,0.0,228.18359375,0.121875,1024.0,0.00078125,0.0,0.0,9.21982421875,70.58844401041667,0.028696339866655762,0.0,371.69921875,0.0009114583333333333,1024.0,0.0,0.0,0.0,7.800944010416667,76.48551432291667,0.053338211066648,0.0,381.0546875,0.04479166666666667,1024.0,0.0,0.0,0.0,10.479264322916666,88.83896484375,0.05594763233334561,0.0,423.5390625,9.878125,1024.0,0.0,0.0,0.0,8.246875,80.00804036458334,2026-03-24 10:59:40
0.10533995593332766,0.0,214.2890625,0.025520833333333333,1024.0,0.0032552083333333335,0.0,0.0,13.565169270833334,70.77819010416667,0.439351002300009,0.0,777.30078125,15.6609375,1024.0,0.0,0.0,0.0,39.09837239583333,345.4788411458333,0.0697006650000756,0.0,228.18359375,0.121875,1024.0,0.00078125,0.0,0.0,9.21982421875,70.58844401041667,0.028696339866655762,0.0,371.69921875,0.0009114583333333333,1024.0,0.0,0.0,0.0,7.800944010416667,76.48551432291667,0.053338211066648,0.0,381.0546875,0.04479166666666667,1024.0,0.0,0.0,0.0,10.479264322916666,88.83896484375,0.05594763233334561,0.0,423.5390625,9.878125,1024.0,0.0,0.0,0.0,8.246875,80.00804036458334,2026-03-24 10:59:45
0.10533995593332766,0.0,214.2890625,0.025520833333333333,1024.0,0.0032552083333333335,0.0,0.0,13.565169270833334,70.77819010416667,0.439351002300009,0.0,777.30078125,15.6609375,1024.0,0.0,0.0,0.0,39.09837239583333,345.4788411458333,0.0697006650000756,0.0,228.18359375,0.121875,1024.0,0.00078125,0.0,0.0,9.21982421875,70.58844401041667,0.028696339866655762,0.0,371.69921875,0.0009114583333333333,1024.0,0.0,0.0,0.0,7.800944010416667,76.48551432291667,0.053338211066648,0.0,381.0546875,0.04479166666666667,1024.0,0.0,0.0,0.0,10.479264322916666,88.83896484375,0.05594763233334561,0.0,423.5390625,9.878125,1024.0,0.0,0.0,0.0,8.246875,80.00804036458334,2026-03-24 10:59:50
0.10533995593332766,0.0,214.2890625,0.025520833333333333,1024.0,0.0032552083333333335,0.0,0.0,13.565169270833334,70.77819010416667,0.439351002300009,0.0,777.30078125,15.6609375,1024.0,0.0,0.0,0.0,39.09837239583333,345.4788411458333,0.0697006650000756,0.0,228.18359375,0.121875,1024.0,0.00078125,0.0,0.0,9.21982421875,70.58844401041667,0.028696339866655762,0.0,371.69921875,0.0009114583333333333,1024.0,0.0,0.0,0.0,7.800944010416667,76.48551432291667,0.053338211066648,0.0,381.0546875,0.04479166666666667,1024.0,0.0,0.0,0.0,10.479264322916666,88.83896484375,0.05594763233334561,0.0,423.5390625,9.878125,1024.0,0.0,0.0,0.0,8.246875,80.00804036458334,2026-03-24 10:59:55
0.10533995593332766,0.0,214.2890625,0.025520833333333333,1024.0,0.0032552083333333335,0.0,0.0,13.565169270833334,70.77819010416667,0.439351002300009,0.0,777.30078125,15.6609375,1024.0,0.0,0.0,0.0,39.09837239583333,345.4788411458333,0.0697006650000756,0.0,228.18359375,0.121875,1024.0,0.00078125,0.0,0.0,9.21982421875,70.58844401041667,0.028696339866655762,0.0,371.69921875,0.0009114583333333333,1024.0,0.0,0.0,0.0,7.800944010416667,76.48551432291667,0.053338211066648,0.0,381.0546875,0.04479166666666667,1024.0,0.0,0.0,0.0,10.479264322916666,88.83896484375,0.05594763233334561,0.0,423.5390625,9.878125,1024.0,0.0,0.0,0.0,8.246875,80.00804036458334,2026-03-24 11:00:00
